sr_no,procedure,category,min_price,avg_price,max_price
1,Consultation OPD,procedure,350.0,350.0,350.0
2,Consultation- for Inpatients,procedure,350.0,350.0,350.0
3,Dressings of wounds,procedure,255.0,300.0,300.0
4,Suturing of wounds with local anesthesia,procedure,97.0,112.0,112.0
5,Aspiration Plural Effusion - Diagnostic,procedure,595.0,700.0,700.0
6,Aspiration Plural Effusion - Therapeutic,procedure,595.0,700.0,700.0
7,"Abdominal / Peritoneal Aspiration - Diagnostic / Ascitic tapping /
paracentesis - Diagnostic",procedure,595.0,700.0,700.0
8,"Abdominal / Peritoneal Aspiration - Therapeutic/ Ascitic tapping /
paracentesis- Therapeutic",procedure,640.0,750.0,750.0
9,Pericardial Aspiration,procedure,380.0,437.0,437.0
10,Joints Aspiration,procedure,317.0,365.0,365.0
11,Biopsy Skin,procedure,230.0,265.0,265.0
12,Removal of Stitches /Sutures (7- 12 sutures),procedure,170.0,200.0,200.0
13,Venesection,procedure,595.0,700.0,700.0
14,Phimosis correction / Paraphimosis reduction / Circumcision Under LA,procedure,5100.0,6000.0,6000.0
15,Sternal puncture,procedure,173.0,199.0,199.0
16,Injection /Sclerotherapy / Banding of Haemorrhoids,procedure,595.0,700.0,700.0
17,Injection for Varicose Veins,procedure,595.0,700.0,700.0
18,Urinary bladder Catheterisation,procedure,595.0,700.0,700.0
19,Dilatation of Urethral stricture,procedure,1955.0,2300.0,2300.0
20,Incision & Drainage under local Anaesthesia (Large),procedure,1955.0,2300.0,2300.0
21,Intercostal Drainage,procedure,125.0,144.0,144.0
22,Peritoneal Dialysis,procedure,1466.0,1686.0,1686.0
23,Excision of Moles,ent,345.0,397.0,397.0
24,Excision of Warts,ent,280.0,322.0,322.0
25,Excision of Molluscum contagiosum,ent,130.0,150.0,150.0
26,Excision of Veneral Warts,ent,160.0,184.0,184.0
27,Excision of Corns,ent,140.0,161.0,161.0
28,I/D Injection Keloid,ent,97.0,112.0,112.0
29,Chemical Cautery (s),ent,110.0,127.0,127.0
30,Subconjunctival/subtenon’s injections in one eyes,ent,69.0,79.0,79.0
31,Subconjunctival/subtenon’s injections in both eyes,ent,138.0,158.0,158.0
32,Pterygium Surgery,ent,5500.0,6325.0,6325.0
33,Conjunctival Peritomy,ent,58.0,67.0,67.0
34,Conjunctival wound repair or exploration following blunt trauma,ent,3300.0,3795.0,3795.0
35,Removal of corneal foreign body,ent,105.0,120.0,120.0
36,Cauterization of ulcer/subconjunctival injection in one eye,ent,69.0,79.0,79.0
37,Cauterization of ulcer/subconjunctival injection in both eyes,ent,138.0,159.0,159.0
38,Corneal grafting—Penetrating keratoplasty,ent,5750.0,6613.0,6613.0
39,Corneal grafting—Lamellar keratoplasty,ent,4500.0,5175.0,5175.0
40,Cyanoacrylate /fibrin glue application for corneal perforation,ent,690.0,794.0,794.0
41,Bandage contact lenses for corneal perforation,ent,460.0,529.0,529.0
42,Scleral grafting or conjunctival flap for corneal perforation,ent,2300.0,2645.0,2645.0
43,Keratoconus correction with therapeutic contact lenses,ent,1080.0,1242.0,1242.0
44,UV radiation for cross-linking for keratoconus,ent,1800.0,2070.0,2070.0
45,EDTA for band shaped keratopathy,ent,780.0,893.0,893.0
46,Arcuate keratotomy for astigmatism,ent,2520.0,2898.0,2898.0
47,Re-suturing (Primary suturing) of corneal wound,ent,1150.0,1323.0,1323.0
48,Penetrating keratoplasty ---- with glaucoma surgery,ent,12144.0,13966.0,13966.0
49,Penetrating keratoplasty --- with vitrectomy,ent,10930.0,12569.0,12569.0
50,Penetrating keratoplasty ---- with IOL implantation,ent,12290.0,14133.0,14133.0
51,DALK- Deep anterior lamellar keratoplasty,ent,15525.0,17854.0,17854.0
52,Keratoprosthesis stage I and II,ent,10350.0,11903.0,11903.0
53,DSAEK- Descemet’s stripping automated endothelial keratoplasty,ent,16675.0,19176.0,19176.0
54,ALTK- Automated lamellar therapeutic keratoplasty,ent,14850.0,17078.0,17078.0
55,Probing and Syringing of lacrimal sac- in one eye,ent,69.0,79.0,79.0
56,Probing and Syringing of lacrimal sac- in both eye,ent,138.0,159.0,159.0
57,Dacryocystorhinostomy—Plain,ent,2588.0,2976.0,2976.0
58,"Dacryocystorhinostomy—Plain with intubation and/or with
lacrimal implants",ent,8775.0,10092.0,10092.0
59,Dacryocystorhinostomy—conjunctival with implant,ent,8280.0,9532.0,9532.0
60,Caliculoplasty,ent,2070.0,2381.0,2381.0
61,Dacryocystectomy,ent,1725.0,1984.0,1984.0
62,Punctal plugs for dry eyes,ent,117.0,135.0,135.0
63,Refraction,ent,40.0,46.0,46.0
64,Indirect Ophthalmoscopy,ent,67.0,77.0,77.0
65,Orthoptic check-up- with synoptophore,ent,44.0,51.0,51.0
66,Lees’ charting or Hess’ charting,ent,100.0,115.0,115.0
67,Orthoptic exercises,ent,50.0,58.0,58.0
68,Pleoptic exercises,ent,50.0,58.0,58.0
69,Perimetry/field test—Goldman,ent,144.0,166.0,166.0
70,Perimetry/field test— automated,ent,144.0,166.0,166.0
71,Fluorescein angiography for fundus or iris,ent,828.0,952.0,952.0
72,Ultrasound A- Scan,ent,777.0,893.0,893.0
73,Ultrasound B- Scan,ent,230.0,265.0,265.0
74,Fundus Photo Test,ent,180.0,207.0,207.0
75,Indocyanin green angiography,ent,828.0,952.0,952.0
76,Corneal endothelial cell count with specular microscopy,ent,230.0,265.0,265.0
77,Corneal topography,ent,298.0,343.0,343.0
78,Corneal pachymetry,ent,230.0,265.0,265.0
79,Auto-refraction,ent,35.0,40.0,40.0
80,Macular function tests,ent,44.0,51.0,51.0
81,Potential acuity metry,ent,90.0,104.0,104.0
82,Laser interferometry,ent,173.0,199.0,199.0
83,OCT-Optical coherence tomography,ent,1913.0,2250.0,2250.0
84,HRT- Heidelberg’s retinal tomogram,ent,150.0,173.0,173.0
85,GDX--- Nerve fibre layer analyzer,ent,88.0,101.0,101.0
86,UBM- Ultrasound bio microscopy,ent,135.0,156.0,156.0
87,Non Contact tonometry,ent,50.0,58.0,58.0
88,IOP measurement with schiotz,ent,30.0,35.0,35.0
89,IOP measurement with applation tonometry,ent,50.0,58.0,58.0
90,Three mirror examination for reti,ent,58.0,67.0,67.0
91,90 D lens examination,ent,50.0,58.0,58.0
92,Gonioscopy,ent,58.0,67.0,67.0
93,Chalazion incision and curettage in one eye,ent,400.0,460.0,460.0
94,Chalazion incision and curettage in both eyes,ent,431.0,496.0,496.0
95,Ptosis surgery with fasanella servat procedure,ent,2300.0,2645.0,2645.0
96,Ptosis surgery with LPS resection one lid,ent,5500.0,6325.0,6325.0
97,Ptosis surgery with Sling surgery one lid,ent,6003.0,6904.0,6904.0
98,Ectropion surgery- one lid,ent,1400.0,1610.0,1610.0
99,Ectropion surgery- both lids,ent,2500.0,2875.0,2875.0
100,Epicanthus correction,ent,1550.0,1783.0,1783.0
101,Cantholysis and canthotomy,ent,575.0,662.0,662.0
102,Entropion surgery- one lid,ent,1380.0,1587.0,1587.0
103,Entropion surgery- both lids,ent,2000.0,2300.0,2300.0
104,Tarsorraphy,ent,650.0,748.0,748.0
105,Suturing of lid lacerations,ent,1035.0,1191.0,1191.0
106,Lid retraction repair,ent,1530.0,1760.0,1760.0
107,Concretions removal,ent,115.0,132.0,132.0
108,Bucket handle procedure for lid tumors,ent,345.0,397.0,397.0
109,Cheek rotation flap for lid tumors,ent,6900.0,7935.0,7935.0
110,Orbitotomy,ent,7245.0,8332.0,8332.0
111,Enucleation,ent,3000.0,3450.0,3450.0
112,Enucleation with orbital implants and artificial prosthesis,ent,3000.0,3450.0,3450.0
113,Evisceration,ent,3450.0,3968.0,3968.0
114,Evisceration with orbital implants and artificial prosthesis,ent,5124.0,5892.0,5892.0
115,Telecanthus correction,ent,5175.0,5951.0,5951.0
116,Orbital decompression,ent,5750.0,6613.0,6613.0
117,Exenteration,ent,5750.0,6613.0,6613.0
118,Exenteration with skin grafting,ent,6210.0,7142.0,7142.0
119,Fracture orbital repair,ent,8280.0,9522.0,9522.0
120,Retinal laser procedures,ent,1350.0,1553.0,1553.0
121,Retinal detachment surgery,ent,11500.0,13225.0,13225.0
122,Retinal detachment surgery with scleral buckling,ent,13800.0,15870.0,15870.0
123,Buckle removal,ent,1150.0,1323.0,1323.0
124,Silicone oil removal,ent,2520.0,2898.0,2898.0
125,Anterior retinal cryopexy,ent,1162.0,1336.0,1336.0
126,Squint correction for one eye,ent,4500.0,5175.0,5175.0
127,Squint correction for both eyes,ent,6750.0,7763.0,7763.0
128,Trabeculectomy,ent,6210.0,7142.0,7142.0
129,Trabeculotomy,ent,6210.0,7142.0,7142.0
130,Trabeculectomy with Trabeculotomy,ent,9315.0,10713.0,10713.0
131,Trephition,ent,2070.0,2381.0,2381.0
132,Goniotomy,ent,345.0,397.0,397.0
133,Glaucoma surgery with Glaucoma valves (valve cost extra),ent,6210.0,7142.0,7142.0
134,Cyclocryotherapy,ent,1150.0,1323.0,1323.0
135,YAG laser iridotomy,ent,1350.0,1553.0,1553.0
136,YAG laser capsulotomy,ent,984.0,1131.0,1131.0
137,ALT-Argon laser trabeculoplasty,ent,1495.0,1719.0,1719.0
138,PDT-Photodymic therapy,ent,3105.0,3572.0,3572.0
139,TTT- Transpupillary thermal therapy,ent,3000.0,3450.0,3450.0
140,PTK- Phototherapeutic keratectomy,ent,7500.0,8625.0,8625.0
141,Argon/diode laser for retinal detatchment,ent,1150.0,1323.0,1323.0
142,Intralase application for keratoconus,ent,5750.0,6613.0,6613.0
143,EOG- electro-oculogram,ent,810.0,932.0,932.0
144,ERG- Electro-retinogram,ent,715.0,822.0,822.0
145,VEP- visually evoked potential,ent,720.0,828.0,828.0
146,Vitrectomy- pars plana,ent,10350.0,11903.0,11903.0
147,Intravitreal injections- of antibiotics,ent,1150.0,1323.0,1323.0
148,Intravitreal injections- of lucentis excluding cost of drug,ent,3000.0,3450.0,3450.0
149,X- Ray orbit,ent,115.0,132.0,132.0
150,CT-orbit and brain,ent,1600.0,1840.0,1840.0
151,MRI- Orbit and brain,ent,3105.0,3571.0,3571.0
152,Dacryocystography,ent,340.0,391.0,391.0
153,Orbital angio-graphical studies,ent,1500.0,1725.0,1725.0
154,ECCE with IOL,ent,3105.0,3571.0,3571.0
155,SICS with IOL,ent,4500.0,5175.0,5175.0
156,Phaco with foldable IOL (silicone and acrylic)/PMMA IOL,ent,9703.0,11158.0,11158.0
157,Pars plana lensectomy with/without IOL,ent,9315.0,10713.0,10713.0
158,"Secondary IOL implantation- AC IOL PC IOL or scleral
fixated IOL",ent,6900.0,7935.0,7935.0
159,"Cataract extraction with IOL with capsular tension rings
(Cionni’s ring)",ent,13500.0,15525.0,15525.0
160,Optic nerve sheathotomy,ent,7500.0,8625.0,8625.0
161,Iridodialysis repair or papillary reconstruction,ent,5000.0,5750.0,5750.0
162,Iris cyst removal,ent,850.0,978.0,978.0
163,Lid Abscess incision and Drainage,ent,1700.0,1955.0,1955.0
164,Orbital Abscess incision and Drainage,ent,3000.0,3450.0,3450.0
165,Biopsy,ent,460.0,529.0,529.0
166,Paracentesis,ent,230.0,265.0,265.0
167,Scleral graft for scleral melting or perforation,ent,2520.0,2898.0,2898.0
168,Amniotic membrane grafting,ent,1100.0,1265.0,1265.0
169,Cyclodiathermy,ent,2070.0,2380.0,2380.0
170,Intraocular foreign body removal,ent,187.0,215.0,215.0
171,Electrolysis,ent,230.0,265.0,265.0
172,Perforating injury repair,ent,4500.0,5175.0,5175.0
173,Botulinum injection for blepharospasm or squint,ent,2500.0,2875.0,2875.0
174,Flap Operation per quadrant,dental,360.0,414.0,414.0
175,Gingivectomy per quadrant,dental,234.0,269.0,269.0
176,Reduction & immobilization of fracture- Maxilla Under LA,dental,900.0,1035.0,1035.0
177,Reduction & immobilization of fracture-Mandible Under LA,dental,3150.0,3623.0,3623.0
178,splints/Cirucum mandibular wiring under LA,dental,510.0,587.0,587.0
179,splints/Cirucum mandibular wiring under GA,dental,990.0,1139.0,1139.0
180,Internal wire fixation/plate fixation of Maxilla under LA,dental,3000.0,3450.0,3450.0
181,Internal wire fixation/plate fixation of Maxilla under GA,dental,4000.0,4600.0,4600.0
182,Internal wire fixation/plate fixation of Mandible under LA,dental,3500.0,4025.0,4025.0
183,Internal wire fixation/plate fixation of Mandible under GA,dental,4250.0,4888.0,4888.0
184,Extraction per tooth under LA,dental,80.0,92.0,92.0
185,Complicated Ext. per Tooth under LA,dental,100.0,115.0,115.0
186,Extraction of impacted tooth under LA,dental,160.0,184.0,184.0
187,"Extraction in mentally retarded/patients with systemic
diseases/patient with special needs under short term GA",dental,939.0,1080.0,1080.0
188,"Cyst & tumour of Maxilla /mandible by enucleation/ excision/
marsupalisation upto 4 cms under LA",dental,244.0,281.0,281.0
189,"Cyst & tumour of Maxilla/mandible by enucleation/ excision/
marsupalisation size more than 4 cms under LA",dental,406.0,467.0,467.0
190,"Cyst & tumour of Maxilla/mandible by enucleation / excision /
marsupalisation size more than 4 cms under GA",dental,1000.0,1150.0,1150.0
191,TM joint ankylosis- under GA,dental,6750.0,7763.0,7763.0
192,Biopsy Intraoral-Soft tissue,dental,374.0,430.0,430.0
193,Biopsy Intraoral-Bone,dental,375.0,431.0,431.0
194,Hemi-mandibulectomy with graft,dental,18900.0,21735.0,21735.0
195,Hemi-mandibulectomy without graft,dental,18900.0,21735.0,21735.0
196,Segmental-mandibulectomy with graft,dental,3400.0,3910.0,3910.0
197,Segmental-mandibulectomy without graft,dental,990.0,1139.0,1139.0
198,Maxillectomy- Total with graft,dental,2500.0,2875.0,2875.0
199,Maxillectomy- Total without graft,dental,1950.0,2243.0,2243.0
200,Maxillectomy- partial with graft,dental,3000.0,3450.0,3450.0
201,Maxillectomy- partial without graft,dental,2500.0,2875.0,2875.0
202,Release of fibrous bands & grafting -in (OSMF) treatment under GA,dental,1500.0,1725.0,1725.0
203,Pre-prosthetic surgery- Alveoloplasty,dental,500.0,575.0,575.0
204,Pre-prosthetic surgery - ridge augmentation,dental,1200.0,1380.0,1380.0
205,Root canal Treatment(RCT) Anterior teeth(per tooth),dental,500.0,575.0,575.0
206,Root canal Treatment(RCT) Posterior teeth (per tooth),dental,700.0,805.0,805.0
207,Apicoectomy- Single root,dental,500.0,575.0,575.0
208,Apicoectomy-Multiple roots,dental,650.0,748.0,748.0
209,Metal Crown-per unit,dental,500.0,575.0,575.0
210,Metal Crown with Acrylic facing per unit,dental,700.0,805.0,805.0
211,Complete single denture-metal based,dental,1500.0,1725.0,1725.0
212,Complete denture- acrylic based per arch,dental,950.0,1093.0,1093.0
213,Removable partial denture-Metal based-upto 3 teeth,dental,700.0,805.0,805.0
214,Removable partial denture-Metal based-more than 3 teeth,dental,900.0,1035.0,1035.0
215,Removable partial denture-Acrylic based-upto 3 teeth,dental,500.0,575.0,575.0
216,Removable partial denture-Acrylic based-more than 3 teeth,dental,264.0,304.0,304.0
217,Amalgum restoration-per tooth,dental,200.0,230.0,230.0
218,Composite Restoration-per tooth-anterior tooth,dental,250.0,288.0,288.0
219,Glas Ionomer-per tooth,dental,200.0,230.0,230.0
220,Scaling & polishing,dental,300.0,345.0,345.0
221,Removable Orthodontics appliance- per Arch,dental,700.0,805.0,805.0
222,Fixed Orhtodontics-per Arch,dental,1150.0,1323.0,1323.0
223,Space maintainers-Fixed,dental,500.0,575.0,575.0
224,Habit breaking appliances-removable,dental,800.0,920.0,920.0
225,Habit breaking appliances-Fixed,dental,1500.0,1725.0,1725.0
226,Expansion plate,dental,1000.0,1150.0,1150.0
227,Feeding appliance for cleft palate,dental,1500.0,1725.0,1725.0
228,Maxillo-facial prosthesis (sal/auricular/orbital/facial lost part),dental,3500.0,4025.0,4025.0
229,Functional orthodentic appliances,dental,3000.0,3450.0,3450.0
230,Obturator (Maxillo-facial),dental,1500.0,1725.0,1725.0
231,Occlusal night guard(splint),dental,800.0,920.0,920.0
232,Pure Tone Audiogram,ent,172.0,198.0,198.0
233,Impedence with stepedeal reflex,ent,230.0,265.0,265.0
234,SISI Tone Decay,ent,132.0,152.0,152.0
235,Multiple hearing assessment test to Adults,ent,115.0,132.0,132.0
236,Speech Discrimination Score,ent,90.0,103.0,103.0
237,Speech Assessment,ent,120.0,138.0,138.0
238,Speech therapy per session of 30-40 minutes,ent,131.0,151.0,151.0
239,Cold Calorie Test for Vestibular function,ent,172.0,198.0,198.0
240,Removal of foreign body From Nose,ent,345.0,397.0,397.0
241,Removal of foreign body From Ear,ent,230.0,265.0,265.0
242,Syringing (Ear),ent,166.0,191.0,191.0
243,Polyp removal under LA,ent,575.0,661.0,661.0
244,Polyp removal under GA,ent,850.0,978.0,978.0
245,Peritonsillar abscess Drainage under LA,ent,1449.0,1666.0,1666.0
246,Myringoplasty,ent,6210.0,7142.0,7142.0
247,Staepedectomy,ent,8280.0,9522.0,9522.0
248,Myringotomy with Grommet insertion,ent,4600.0,5290.0,5290.0
249,Tympanotomy,ent,7763.0,8927.0,8927.0
250,Tympanoplasty,ent,12420.0,14283.0,14283.0
251,Mastoidectomy,ent,13455.0,15474.0,15474.0
252,Otoplasty,ent,14490.0,16664.0,16664.0
253,Labyrinthectomy,ent,12420.0,14283.0,14283.0
254,Skull Base surgery,ent,25000.0,28750.0,28750.0
255,Facial Nerve Decompression,ent,15525.0,17855.0,17855.0
256,Septoplasty,ent,5750.0,6613.0,6613.0
257,Submucous Resection,ent,7314.0,8411.0,8411.0
258,Septo-rhinoplasty,ent,14490.0,16664.0,16664.0
259,Rhinoplasty- Non-cosmetic,ent,11500.0,13225.0,13225.0
260,Fracture Reduction,ent,4250.0,5000.0,5000.0
261,Intra nasal Diathermy,ent,1150.0,1323.0,1323.0
262,Turbinectomy,ent,5750.0,6613.0,6613.0
263,Endoscopic DCR,ent,13000.0,14950.0,14950.0
264,Endoscopic Surgery,ent,12420.0,14283.0,14283.0
265,Septal Perforation Repair,ent,12420.0,14283.0,14283.0
266,Antrum Puncture,ent,950.0,1093.0,1093.0
267,Lateral Rhinotomy,ent,1000.0,1150.0,1150.0
268,Cranio-facial resection,ent,22950.0,26393.0,26393.0
269,Caldwell Luc Surgery,ent,10626.0,12220.0,12220.0
270,Angiofibroma Excision,ent,17000.0,19550.0,19550.0
271,Endoscopic Hypophysectomy,ent,21500.0,24725.0,24725.0
272,Endoscopic Optic Nerve Decompression,ent,29498.0,33922.0,33922.0
273,Decompression of Orbit,ent,22950.0,26400.0,26400.0
274,Punch/Wedge biopsy,ent,674.0,775.0,775.0
275,Tonsillectomy,ent,5000.0,5750.0,5750.0
276,Uvulo-palatoplasty,ent,15000.0,17250.0,17250.0
277,FESS for antrochoal polyp,ent,5750.0,6613.0,6613.0
278,FESS for ethmoidal polyp,ent,5751.0,6614.0,6614.0
279,Polyp removal ear,ent,748.0,860.0,860.0
280,Polyp removal Nose(Septal polyp),ent,748.0,860.0,860.0
281,Mastoidectomy plus Ossciculoplasty including TORP or PORP,ent,2415.0,2777.0,2777.0
282,Endolymphatic sac decompression,ent,2875.0,3306.0,3306.0
283,Diagnostic endoscopy under GA,ent,2300.0,2645.0,2645.0
284,Yonges operation for Atrophic rhinitis,ent,6900.0,7935.0,7935.0
285,Vidian neurectomy for vasomotor Rhinitis,ent,9315.0,10713.0,10713.0
286,Nasal Packing-anterior,ent,345.0,397.0,397.0
287,Nasal Packing-posterior,ent,805.0,926.0,926.0
288,Ranula Excision,ent,6843.0,7869.0,7869.0
289,Tongue Tie excision,ent,1350.0,1553.0,1553.0
290,Sub Mandibular Duct Lithotomy,ent,269.0,309.0,309.0
291,Adenoidectomy,ent,5640.0,6486.0,6486.0
292,Palatopharyngoplasty,ent,7348.0,8451.0,8451.0
293,Pharyngoplasty,ent,15474.0,17795.0,17795.0
294,Styloidectomy,ent,8280.0,9522.0,9522.0
295,Direct laryngoscopy including Biopsy under GA,ent,5000.0,5750.0,5750.0
296,Oesophagoscopy/foreign body removal from,ent,1800.0,2070.0,2070.0
297,Bronchoscopy with F.B.removal,ent,2438.0,2804.0,2804.0
298,Other Major Surgery,ent,15000.0,17250.0,17250.0
299,Other Minor Surgery,ent,7650.0,9000.0,9000.0
300,Ear Lobe Repair one side,ent,450.0,518.0,518.0
301,Excision of Pinna for Growth (Squamous/Basal/ Injuries) Skin Only,ent,3600.0,4140.0,4140.0
302,Excision of Pinna for Growth (Squamous/Basal/ Injuries) Skin and Cartilage,ent,3800.0,4370.0,4370.0
303,Partial Amputation of Pinna,ent,4500.0,5175.0,5175.0
304,Total Amputation of Pinna,ent,6200.0,7130.0,7130.0
305,Total Amputation & Excision of External Auditory Meatus,ent,1500.0,1725.0,1725.0
306,Excision of Cystic Hygroma,ent,4658.0,5356.0,5356.0
307,Excision of Cystic Hygroma Extensive,ent,6707.0,7713.0,7713.0
308,Excision of Branchial Cyst,ent,9315.0,10713.0,10713.0
309,Excision of Branchial Sinus,ent,9315.0,10713.0,10713.0
310,Excision of Pharyngeal Diverticulum,ent,9522.0,10950.0,10950.0
311,Excision of Carotid Body-Tumours,ent,10454.0,12021.0,12021.0
312,Operation for Cervical Rib,ent,12500.0,14375.0,14375.0
313,Block Dissection of Cervical Lymph Nodes,ent,15000.0,17250.0,17250.0
314,Pharyngectomy & Reconstruction,ent,15000.0,17250.0,17250.0
315,Operation for Carcinoma Lip - Wedge-Excision,ent,7245.0,8332.0,8332.0
316,Operation for Carcinoma Lip - Vermilionectomy,ent,5758.0,6622.0,6622.0
317,Operation for Carcinoma Lip - Wedge Excision and Vermilonectomy,ent,8363.0,9617.0,9617.0
318,Estlander Operation,ent,6728.0,7736.0,7736.0
319,Abbe Operation,ent,9800.0,11270.0,11270.0
320,Cheek Advancement,ent,8798.0,10143.0,10143.0
321,Excision of the Maxilla,ent,17388.0,19996.0,19996.0
322,Excision of mandible-segmental,ent,13972.0,16069.0,16069.0
323,Mandibulectomy,ent,18900.0,21735.0,21735.0
324,Partial Glossectomy,ent,5520.0,6348.0,6348.0
325,Hemiglossectomy,ent,7000.0,8050.0,8050.0
326,Total Glossectomy,ent,20596.0,23686.0,23686.0
327,Commondo Operation,ent,22000.0,25300.0,25300.0
328,Parotidectomy - Superficial,ent,12075.0,13886.0,13886.0
329,Parotidectomy - Total,ent,13500.0,15525.0,15525.0
330,Parotidectomy - Radical,ent,17595.0,20559.0,20559.0
331,Repair of Parotid Duct,ent,11500.0,13225.0,13225.0
332,Removal of Submandibular Salivary gland,ent,8625.0,9919.0,9919.0
333,Hemithyroidectomy,ent,9500.0,10925.0,10925.0
334,Partial Thyroidectomy (lobectomy),ent,11500.0,13225.0,13225.0
335,Subtotal Thyroidectomy,ent,11748.0,13510.0,13510.0
336,Total Thyroidectomy,ent,17100.0,19665.0,19665.0
337,Resection Enucleation of thyroid Adenoma,ent,9522.0,10950.0,10950.0
338,Total Thyroidectomy and Block Dissection,ent,23805.0,27376.0,27376.0
339,Excision of Lingual Thyroid,ent,15194.0,17472.0,17472.0
340,Excision of Thyroglossal Cyst/Fistula,ent,11902.0,13688.0,13688.0
341,Excision of Parathyroid Adenoma/Carcinoma,ent,19148.0,22020.0,22020.0
342,Laryngectomy,ent,17825.0,20499.0,20499.0
343,Laryngo Pharyngectomy,ent,27000.0,31050.0,31050.0
344,Hyoid Suspension,ent,9315.0,10713.0,10713.0
345,Genioplasty,ent,12000.0,13800.0,13800.0
346,Direct Laryngoscopy including biopsy under GA,ent,5175.0,5951.0,5951.0
347,Phonosurgery,ent,13800.0,15870.0,15870.0
348,Fibroptic examition of Larynx under LA,ent,1725.0,1984.0,1984.0
349,Microlaryngeal Surgery,ent,9315.0,10713.0,10713.0
350,Laryngofissure,ent,15525.0,17854.0,17854.0
351,Tracheal Stenosis Excision,ent,17802.0,20472.0,20472.0
352,Excisional Biopsies,ent,5175.0,5952.0,5952.0
353,Benign Tumour Excisions,ent,9500.0,10925.0,10925.0
354,Temporal Bone subtotal resection,ent,18630.0,21425.0,21425.0
355,Modified Radical Neck Dissection,ent,22770.0,26185.0,26185.0
356,Carotid Body Excision,ent,26000.0,29900.0,29900.0
357,Total Laryngectomy,ent,35273.0,40564.0,40564.0
358,Flap Reconstructive Surgery,ent,37260.0,42850.0,42850.0
359,Parapharyngeal Tumour Excision,ent,35397.0,40747.0,40747.0
360,Other Major Surgery,ent,21250.0,25000.0,25000.0
361,Other Minor Surgery,ent,5000.0,5750.0,5750.0
362,Drainage of abscess,ent,5400.0,6210.0,6210.0
363,Excision of lumps,ent,6969.0,8014.0,8014.0
364,Local mastectomy-simple,ent,12650.0,14548.0,14548.0
365,Radical mastectomy-formal or modified.,ent,25875.0,29756.0,29756.0
366,Excision of mammary fistula,ent,13973.0,16070.0,16070.0
367,Segmental resection of breast,ent,14490.0,16664.0,16664.0
368,Other Major Surgery,ent,25000.0,28750.0,28750.0
369,Other Minor Surgery,ent,5000.0,5750.0,5750.0
370,Injury Of Superficial Soft Tissues,ent,425.0,500.0,500.0
371,Suturing of small wounds,ent,1060.0,1250.0,1250.0
372,Secondary suture of wounds,ent,3400.0,4000.0,4000.0
373,Debridement of wounds,ent,1275.0,1500.0,1500.0
374,Removal Of Foreign Bodies- without C-ARM,ent,1275.0,1500.0,1500.0
375,Excision of Cervical Lymph Node under LA,ent,2635.0,3100.0,3100.0
376,Excision of Axillary Lymph Node under Gl Anaesthesia,ent,6715.0,7900.0,7900.0
377,Excision of Inguinal Lymph Node under LA,ent,2550.0,3000.0,3000.0
378,Excision Biopsy of Ulcers,ent,1323.0,1522.0,1522.0
379,Excision Biopsy of Superficial Lumps,ent,2898.0,3333.0,3333.0
380,Incision Biopsy of Growths/Ulcers,ent,1470.0,1691.0,1691.0
381,Trucut Needle Biopsy (Including Needle),ent,2975.0,3500.0,3500.0
382,Percutaneous Kidney Biopsy,ent,1470.0,1691.0,1691.0
383,Marrow Biopsy (Open),ent,1060.0,1219.0,1219.0
384,Muscle Biopsy,ent,1470.0,1691.0,1691.0
385,Scalene Node Biopsy,ent,1215.0,1398.0,1398.0
386,Excision of Sebaceous Cysts,ent,1118.0,1278.0,1278.0
387,Excision of Superficial Lipoma,ent,1739.0,2000.0,2000.0
388,Excision of Superficial Neurofibroma,ent,2500.0,2875.0,2875.0
389,Excision of Dermoid Cysts,ent,2050.0,2357.0,2357.0
390,Haemorrhoidectomy,ent,25500.0,30000.0,30000.0
391,Stappler haemorrhoidectomy,ent,37145.0,43700.0,43700.0
392,keloid excision,ent,1150.0,1323.0,1323.0
393,Varicose vein Surgery- Trendelenburg operation with suturing or ligation,ent,19550.0,23000.0,23000.0
394,Atresia of Oesophagus and Tracheo Oesophageal Fistula,ent,25875.0,29757.0,29757.0
395,Operations for Replacement of Oesophagus by Colon,ent,25000.0,28750.0,28750.0
396,Oesophagectomy for Carcinoma Easophagus,ent,25000.0,28750.0,28750.0
397,Oesophageal Intubation (Mausseau Barbin Tube),ent,11500.0,13225.0,13225.0
398,Achalasia Cardia Transthoracic,ent,13455.0,15474.0,15474.0
399,Achalasia Cardia Abdominal,ent,12650.0,14548.0,14548.0
400,Oesophago Gastrectomy for mid 1/3 lesion,ent,22045.0,25352.0,25352.0
401,Heller’s Operation,ent,17775.0,20442.0,20442.0
402,Colon-Inter position or Replacement of Oesophagus,ent,20286.0,23329.0,23329.0
403,Oesophago Gastrectomy – Lower Corringers procedure,ent,19251.0,22139.0,22139.0
404,Other Major Surgery,ent,27625.0,32500.0,32500.0
405,Other Minor Surgery,ent,5000.0,5750.0,5750.0
406,Gastroscopy,ent,1552.0,1785.0,1785.0
407,Gastric & Duodenal Biopsy (Endoscopic),ent,1950.0,2243.0,2243.0
408,Pyloromyotomy,ent,2800.0,3220.0,3220.0
409,Gastrostomy,ent,8625.0,9919.0,9919.0
410,Simple Closure of Perforated peptic Ulcer,ent,9775.0,11241.0,11241.0
411,Vagotomy Pyleroplasty / Gastro Jejunostomy,ent,13800.0,15870.0,15870.0
412,Duodenojejunostomy,ent,18950.0,21793.0,21793.0
413,Partial/Subtotal Gastrectomy for Carcinoma,ent,20700.0,23805.0,23805.0
414,Partial/Subtotal Gastrectomy for Ulcer,ent,20182.0,23210.0,23210.0
415,Operation for Bleeding Peptic Ulcer,ent,18878.0,21710.0,21710.0
416,Operation for Gastrojejunal Ulcer,ent,17802.0,20472.0,20472.0
417,Total Gastrectomy for Cancer,ent,20131.0,23150.0,23150.0
418,Highly Selective Vagotomy,ent,16767.0,19282.0,19282.0
419,Selective Vagotomy & Drainage,ent,16767.0,19282.0,19282.0
420,Congenital Diaphragmatic Hernia,ent,34000.0,40000.0,40000.0
421,Hiatus Hernia Repair- Abdominal,ent,28050.0,33000.0,33000.0
422,Hiatus Hernia Repair- Transthoracic,ent,28050.0,33000.0,33000.0
423,Exploratory Laparotomy (open),ent,21250.0,25000.0,25000.0
424,Epigastric Hernia Repair,ent,21250.0,25000.0,25000.0
425,Umbilical Hernia Repair,ent,10250.0,11785.0,11785.0
426,Ventral /incisional Hernia Repair,ent,9265.0,10650.0,10650.0
427,Inguinal Hernia Herniorraphy,ent,22100.0,26000.0,26000.0
428,Inguinal Hernia - Hernioplasty,ent,27200.0,32000.0,32000.0
429,Femoral Hernia Repair,ent,27200.0,32000.0,32000.0
430,Rare Hernias Repair (Spigalion Obturator Lumbar Sciatic),ent,18975.0,21821.0,21821.0
431,Splenectomy - For Trauma,ent,17078.0,19639.0,19639.0
432,Splenectomy - For Hypersplenism,ent,14490.0,16664.0,16664.0
433,Splenorenal Anastomosis,ent,20700.0,23805.0,23805.0
434,Portocaval Anastomosis,ent,28750.0,33063.0,33063.0
435,Direct Operation on Oesophagus for Portal Hypertension,ent,20597.0,23686.0,23686.0
436,Mesentericocaval Anastomosis,ent,25450.0,29268.0,29268.0
437,Warren Shunt,ent,25875.0,29757.0,29757.0
438,Pancerato Duodenectomy,ent,19562.0,22496.0,22496.0
439,By Pass Procedure for Inoperable Carcinoma of Pancreas,ent,20700.0,23805.0,23805.0
440,Cystojejunostomy or Cystogastrostomy,ent,14490.0,16664.0,16664.0
441,Cholecystectomy,ent,20400.0,24000.0,24000.0
442,Cholecystectomy & Exploration of CBD,ent,28050.0,33000.0,33000.0
443,Repair of CBD,ent,13600.0,16000.0,16000.0
444,Operation for Hydatid Cyst of Liver,ent,22950.0,27000.0,27000.0
445,Cholecystostomy,ent,9263.0,10652.0,10652.0
446,Hepatic Resections (Lobectomy /Hepatectomy),ent,28050.0,33000.0,33000.0
447,Operation on Adrenal Glands - Bilateral,ent,23495.0,27019.0,27019.0
448,Operation on Adrenal Glands - Unilateral,ent,13800.0,15870.0,15870.0
449,Appendicectomy,ent,16150.0,19000.0,19000.0
450,Appendicular Abscess – Drainage,ent,8798.0,10117.0,10117.0
451,Mesenteric Cyst- Excision,ent,9936.0,11426.0,11426.0
452,Peritonioscopy/Laparoscopy,ent,4600.0,5290.0,5290.0
453,Jejunostomy,ent,5175.0,5952.0,5952.0
454,Ileostomy,ent,13869.0,15950.0,15950.0
455,"Resection & Anastomosis of Small Intestine including exploratory
Laparotomy",ent,18630.0,21425.0,21425.0
456,Duodenal Diverticulum,ent,18400.0,21160.0,21160.0
457,Operation for Intestinal Obstruction,ent,9315.0,10713.0,10713.0
458,Operation for Intestinal perforation,ent,34200.0,39330.0,39330.0
459,Benign Tumours of Small Intestine,ent,17595.0,20235.0,20235.0
460,Excision of Small Intestine Fistula,ent,38250.0,45000.0,45000.0
461,Operations for GI Bleed,ent,16000.0,18400.0,18400.0
462,Operations for Haemorrhage of Small Intestines,ent,19550.0,22483.0,22483.0
463,"Operations of the Duplication of the Intestines--- including exploratory
Laparotomy",ent,34850.0,41000.0,41000.0
464,"Operations for Recurrent Intestinal Obstruction (Noble
Plication & Other Operations for Adhesions)",ent,20700.0,23805.0,23805.0
465,Ilieosigmoidostomy and related resection,ent,16790.0,19309.0,19309.0
466,Ilieotransverse Colostomy and related resection,ent,16790.0,19309.0,19309.0
467,Caecostomy,ent,3903.0,4488.0,4488.0
468,Loop Colostomy Transverse Sigmoid,ent,13110.0,15077.0,15077.0
469,Terminal Colostomy,ent,25500.0,30000.0,30000.0
470,Closure of Colostomy,ent,25500.0,30000.0,30000.0
471,Right Hemi-Colectomy,ent,27200.0,32000.0,32000.0
472,Left Hemi-Colectomy,ent,27200.0,32000.0,32000.0
473,Total Colectomy,ent,34000.0,40000.0,40000.0
474,Operations for Volvulus of Large Bowel,ent,24920.0,28658.0,28658.0
475,Operations for Sigmoid Diverticulitis,ent,16767.0,19283.0,19283.0
476,Fissure in Ano with Internal sphinctrectomy with fissurectomy,ent,27200.0,32000.0,32000.0
477,Fissure in Ano - Fissurectomy,ent,24650.0,29000.0,29000.0
478,Rectal Polyp-Excision,ent,11645.0,11645.0,11645.0
479,Fistula in Ano - High Fistulectomy,ent,29750.0,35000.0,35000.0
480,Fistula in Ano - Low Fistulectomy,ent,19550.0,23000.0,23000.0
481,Prolapse Rectum - Theirch Wiring,ent,9315.0,10713.0,10713.0
482,Prolapse Rectum - Rectopexy,ent,11900.0,14000.0,14000.0
484,Operations for Hirschsprungs Disease,ent,14260.0,16399.0,16399.0
485,Excision of Pilonidal Sinus (open),ent,18700.0,22000.0,22000.0
486,Excision of Pilonidal Sinus with closure,ent,21250.0,25000.0,25000.0
487,Abdomino-Perineal Excision of Rectum,ent,18300.0,21045.0,21045.0
488,Anterior Resection of rectum,ent,19665.0,22615.0,22615.0
489,Pull Through Abdominal Resection,ent,15453.0,17771.0,17771.0
490,Retro Peritoneal Tumor Removal,ent,16200.0,18630.0,18630.0
491,Radio ablation of varicose veins (RFA Ablation),ent,7225.0,8500.0,8500.0
492,Laser ablation of varicose veins,ent,34000.0,40000.0,40000.0
493,Laparoscopic Fundoplication,ent,17370.0,19976.0,19976.0
494,Laparoscopic Splenectomy,ent,25000.0,28750.0,28750.0
495,Laparoscopic Removal of hydatid cyst,ent,18000.0,20700.0,20700.0
496,Laparoscopic treatment of Pseudo Pancreatic cyst,ent,18000.0,20700.0,20700.0
497,"Laparoscopic Whipple's operation (Laparoscopic Pancreatico
Duodenectomy",ent,20000.0,23000.0,23000.0
498,Laparoscopic GI bypass operation,ent,22000.0,25300.0,25300.0
499,Laparoscopic Total Colectomy,ent,25000.0,28750.0,28750.0
500,Laparoscopic Hemicolectomy,ent,23000.0,26450.0,26450.0
501,Laparoscopic Anterior Resection (of Intestine/ Rectum),ent,23000.0,26450.0,26450.0
502,Laparoscopic Cholecystetomy,ent,28050.0,33000.0,33000.0
503,Laparoscopic Appedicectomy,ent,25500.0,30000.0,30000.0
504,Laparoscopic Hernia - inguinoplasty (including Tacker and Mesh),ent,29750.0,35000.0,35000.0
505,Laparoscopic ventral Hernia Repair,ent,17500.0,20125.0,20125.0
506,Laparoscopic Paraumblical Hernia Repair,ent,17500.0,20125.0,20125.0
507,Laparoscopic Adrenelectomy,ent,12000.0,13800.0,13800.0
508,Laparoscopic Nephrectomy,ent,22000.0,25300.0,25300.0
511,Coronary Care with Cardiac Monitoring (Room Rent extra),ent,750.0,863.0,863.0
512,Compressed air / piped oxygen /per hour,ent,50.0,58.0,58.0
513,Ventilator charges (Per day),ent,531.0,611.0,611.0
514,Paediatric care for New born (Per day),ent,186.0,214.0,214.0
515,Incubator charges (Per day),ent,345.0,397.0,397.0
516,Neonatal ICU charges (Per day),ent,391.0,450.0,450.0
517,Resuscitation,ent,184.0,212.0,212.0
518,Exchange Transfusion,ent,239.0,275.0,275.0
519,Pneupack ventilator in Nursery (Per day),ent,575.0,661.0,661.0
520,"Atrial Septal Defect(ASD) closure
Ventricular septal defect (VSD) with graft",ent,46627.0,53621.0,53621.0
521,,ent,46627.0,53621.0,53621.0
522,TOF/TAPVC/TCPC/REV/RSOV repair,ent,114368.0,131522.0,131522.0
523,BD Glenn/Left atrium myxoma,ent,72675.0,85500.0,85500.0
524,Senning/Arterial Switch Operation (ASO) with graft,ent,109969.0,126464.0,126464.0
525,Double Switch Operation (DSO),ent,93254.0,107241.0,107241.0
526,Atrioventricular(AV) canal repair,ent,144900.0,166635.0,166635.0
527,Fontan PROCEDURE,ent,152100.0,174915.0,174915.0
528,Conduit repair,ent,152100.0,174915.0,174915.0
529,Coronary Artery Bypass Graft surgery (CABG),ent,127075.0,146136.0,146136.0
530,CABG + Intra-Aortic Balloon Pump (IABP),ent,169000.0,194350.0,194350.0
531,CABG + Valve.,ent,152100.0,174915.0,174915.0
532,CABG without bypass.,ent,126000.0,144900.0,144900.0
533,Ascending aorta replacement,ent,130000.0,149500.0,149500.0
534,Double Valve Replacement (DVR),ent,155422.0,178735.0,178735.0
535,Mitral valve Replacement(MVR)/ Aortic valve Replacement(AVR),ent,93254.0,107241.0,107241.0
536,Mitral Valve repair + Aortic Valve repair,ent,93254.0,107241.0,107241.0
537,Aorta femoral bypass,ent,46800.0,53820.0,53820.0
538,Blalock-Taussig shunt (BT Shunt) / Coarctation,ent,46782.0,53799.0,53799.0
539,Pulmonary Artery Banding (PA Banding) Septostomy,ent,46782.0,53799.0,53799.0
540,Pericardectomy,ent,38088.0,43801.0,43801.0
541,Congenital cytomegalovirus (CMV)/ patent ductus arteriosus (PDA),ent,46782.0,53799.0,53799.0
542,Gunshot injury,ent,46782.0,53799.0,53799.0
543,Heart transplant,ent,276000.0,317400.0,317400.0
544,Balloon coronary angioplasty/PTCA,ent,78200.0,92000.0,92000.0
545,Balloon coronary angioplasty/PTCA without Vascular Closure Device,ent,71150.0,83725.0,83725.0
546,Rotablation,ent,47775.0,56206.0,56206.0
547,"Balloon Mitral Valvotomy / Percutaneous transvenous mitral
commissurotomy (PTMC) -",ent,77000.0,90700.0,90700.0
548,Cardiac Catheterization (CATH),ent,11510.0,13545.0,13545.0
549,Aortic Arch Replacement,ent,10350.0,11903.0,11903.0
550,Aortic Dissection,ent,12650.0,14548.0,14548.0
551,Thoraco Abdominal Aneurism Repair,ent,15000.0,17250.0,17250.0
552,Embolectomy,ent,21000.0,24150.0,24150.0
553,Vascular Repair,ent,36000.0,41400.0,41400.0
554,Bentall Repair with Prosthetic Valve,ent,30000.0,34500.0,34500.0
555,Bentall Repair with Biologic Valve,ent,114750.0,135000.0,135000.0
556,Coaractation dilatation,ent,60860.0,71600.0,71600.0
557,Coaractation dilatation with Stenting,ent,18500.0,21275.0,21275.0
558,TPI Single Chamber,ent,16320.0,19200.0,19200.0
559,TPI Dual Chamber,ent,8160.0,9600.0,9600.0
560,Permanent pacemaker implantation (PPI)- Single chamber,ent,27200.0,32000.0,32000.0
561,Permanent pacemaker implantation- Dual Chamber,ent,36550.0,43000.0,43000.0
562,Permanent pacemaker implantation (PPI)- Biventricular,ent,42180.0,49625.0,49625.0
563,Automatic implantable Cardioverter defibrillator AICD Single chamber,ent,42500.0,50000.0,50000.0
564,Automatic implantable Cardioverter defibrillator AICD - Dual Chamber,ent,44500.0,52350.0,52350.0
565,Combo device implantation,ent,50150.0,59000.0,59000.0
566,Diagnostic Electrophysiological studies conventional (including catheter),ent,56100.0,66000.0,66000.0
567,Ambulatory BP monitoring,ent,1000.0,1000.0,1000.0
569,RF Ablation conventional,ent,35000.0,40250.0,40250.0
570,"Radiofrequency (RF) ablation Atrial Tachycardia/with 3-D mapping – all
inclusive",ent,153850.0,181000.0,181000.0
572,Intra aortic balloon pump (IABP),ent,7038.0,8094.0,8094.0
573,Intravascular coils,ent,63750.0,75000.0,75000.0
574,Septostomy- Balloon,ent,25500.0,30000.0,30000.0
575,Septostomy- Blade,ent,17595.0,20235.0,20235.0
576,"Aortic valve balloon dilatation (AVBD) / Pulmonary valve Balloon Dilatation
(PVBD)",ent,47940.0,56400.0,56400.0
577,Digital subtraction angiography-Peripheral artery,ent,12400.0,14610.0,14610.0
578,Digital subtraction angiography- venogram,ent,12400.0,14610.0,14610.0
579,CT Guided biopsy,ent,1139.0,1310.0,1310.0
580,Sinogram,ent,863.0,992.0,992.0
581,Peripheral Angioplasty with VCD,ent,11500.0,13225.0,13225.0
582,Peripheral Angioplasty,ent,46750.0,55500.0,55500.0
583,Renal Angioplasty,ent,46750.0,55000.0,55000.0
584,Intravascular ultrasound (IVUS),ent,50000.0,50000.0,50000.0
585,Fractional Flow Reserve (FFR) inclusive of cost of wire,ent,30000.0,30000.0,30000.0
586,Holter analysis,ent,2125.0,2500.0,2500.0
587,Aortic stent grafting for aortic aneurysm,ent,70650.0,81248.0,81248.0
588,Inferior Vena Cava (IVC) filter implantation (Cost of Filter extra),ent,25500.0,30000.0,30000.0
589,ASD device closure,ent,84065.0,98900.0,98900.0
589,VSD device closure,ent,93415.0,109900.0,109900.0
589,PDA device closure,ent,46750.0,55000.0,55000.0
590,Electrocardiogram (ECG),ent,150.0,175.0,175.0
591,Head--up tilt test (HUTT),ent,3400.0,4000.0,4000.0
592,2D echocardiography,ent,1255.0,1475.0,1475.0
593,3D echocardiography,ent,1263.0,1485.0,1485.0
594,Fetal Echo,ent,1360.0,1600.0,1600.0
595,2D Transesophageal Echocardiography (TEE),ent,1263.0,1485.0,1485.0
596,3D Transesophageal Echocardiography (TEE),ent,1403.0,1650.0,1650.0
597,Stress Echo- exercise,ent,2040.0,2400.0,2400.0
598,Stress Echo- pharmacological,ent,2550.0,3000.0,3000.0
599,Stress Myocardial Perfusion Imaging(MPI)-exercise,ent,7650.0,9000.0,9000.0
600,Stress Myocardial Perfusion Imaging (MPI) – pharmacological,ent,7650.0,9000.0,9000.0
601,Coronary angiography,ent,11240.0,13225.0,13225.0
602,CT coronary angiography,ent,6030.0,6935.0,6935.0
603,Cardiac CT scan,ent,2045.0,2352.0,2352.0
604,Cardiac MRI,ent,6800.0,8000.0,8000.0
605,Stress Cardiac MRI,ent,3000.0,3450.0,3450.0
606,MR angiography.,ent,5635.0,6480.0,6480.0
607,Cardiac PET,ent,1500.0,1725.0,1725.0
608,Pericardiocentesis,ent,8500.0,10000.0,10000.0
609,Other Major Surgery,ent,20000.0,23000.0,23000.0
610,Other Minor Surgery,ent,4250.0,5000.0,5000.0
611,Normal delivery with or without Episiotomy & P. repair,ent,8000.0,9200.0,9200.0
612,vacuum delivery,ent,8625.0,9919.0,9919.0
613,Forceps Delivery,ent,9200.0,10580.0,10580.0
614,Cesarean Section(CS),ent,14050.0,16158.0,16158.0
615,Cesarean Hysterectomy,ent,17078.0,19639.0,19639.0
616,Rupture Uterus closure & repair with Tubal Ligation,ent,17250.0,19838.0,19838.0
617,Perforation of Uterus after D/E Laparotomy & Closure,ent,13800.0,15870.0,15870.0
618,Laparotomy for Ectopic pregnancy,ent,13800.0,15870.0,15870.0
619,Laparotomy-peritonitis Lavage and Drainage,ent,11500.0,13225.0,13225.0
620,Salphingo-Oophorectomy/ Oophorectomy Laparoscopic,ent,10000.0,11500.0,11500.0
621,Ovarian Cystectomy-laparoscopic.,ent,10350.0,11903.0,11903.0
622,Ovarian Cystectomy -laparotomy.,ent,12420.0,14283.0,14283.0
623,Salpingo-Oophorectomy-laparotomy,ent,10368.0,11923.0,11923.0
624,Laparoscopic Broad Ligament Hematoma Drainage with repair,ent,6900.0,7935.0,7935.0
625,Exploration of perineal Haematoma & Repair,ent,8000.0,9200.0,9200.0
626,Exploration of abdominal Haematoma (after laparotomy + LSCS),ent,8050.0,9258.0,9258.0
627,Manual Removal of Placenta,ent,3450.0,3968.0,3968.0
628,Examination under anesthesia (EUA),ent,1000.0,1150.0,1150.0
629,Burst-abdomen Repair,ent,10000.0,11500.0,11500.0
630,Gaping Perineal Wound Secondary Suturing,ent,1490.0,1714.0,1714.0
631,Gaping abdominal wound Secondary Suturing,ent,3450.0,3968.0,3968.0
632,Complete perineal tear-repair,ent,2128.0,2447.0,2447.0
633,Exploration of PPH-tear repair,ent,3500.0,4025.0,4025.0
634,Suction evacuation vesicular mole,ent,5000.0,5750.0,5750.0
635,Suction evacuation Missed abortion/ incomplete abortion,ent,4658.0,5356.0,5356.0
636,Colpotomy,ent,3450.0,3968.0,3968.0
637,Repair of post-coital tear/ perineal injury,ent,3508.0,4034.0,4034.0
638,Excision of urethral caruncle,ent,3450.0,3968.0,3968.0
639,Shirodhkar/ McDonald stitch,ent,3220.0,3703.0,3703.0
640,Abdominal Hysterectomy with or without salpingo-oophorectomy,ent,15525.0,17854.0,17854.0
641,Non-descent Vaginal Hysterectomy (NDVH),ent,17250.0,19838.0,19838.0
642,Vaginal Hysterectomy with repairs (UV Prolapse),ent,17250.0,19838.0,19838.0
643,Myomectomy -laparotomy,ent,12600.0,14490.0,14490.0
644,Myomectomy -laparoscopic,ent,6325.0,7274.0,7274.0
645,Vaginoplasty,ent,14950.0,17193.0,17193.0
646,Vulvectomy -Simple,ent,8280.0,9522.0,9522.0
647,Vulvectomy-Radical,ent,9200.0,10580.0,10580.0
648,Rectovaginal Fistula (RVF) Repair,ent,18975.0,21821.0,21821.0
649,Manchester Operation,ent,15000.0,17250.0,17250.0
650,Shirodkar’s sling Operation or other sling operations for prolapse uterus,ent,3450.0,3968.0,3968.0
651,Laparoscopic sling operations for prolapse uterus,ent,25200.0,28980.0,28980.0
652,Diagnostic Curettage,ent,2484.0,2857.0,2857.0
653,Cervical Biopsy,ent,1800.0,2070.0,2070.0
654,Polypectomy,ent,1366.0,1571.0,1571.0
655,Other-Minor Operation Endometrial,ent,2300.0,2645.0,2645.0
656,Excision Vaginal Cyst/Bartholin Cyst,ent,3450.0,3968.0,3968.0
657,Excision Vaginal Septum,ent,4600.0,5290.0,5290.0
658,"Laparoscopy -Diagnostic with chromopertubation and or adhesiolysis and
drilling",ent,4025.0,4629.0,4629.0
659,Laparoscopy Sterilization,ent,3450.0,3968.0,3968.0
660,LAVH,ent,22719.0,26126.0,26126.0
661,Balloon Temponade for PPH,ent,2800.0,3220.0,3220.0
662,Total laparoscopic hysterectomy,ent,22719.0,26126.0,26126.0
663,"Laparoscopic treatment of Ectopic pregnancy- salpingectomy/salpinostomy
conservative",ent,8798.0,10117.0,10117.0
664,Conisation of cervix,ent,4025.0,4629.0,4629.0
665,Trachhelectomy of cervix for early CA cervix,ent,4950.0,5693.0,5693.0
666,Hysteroscopic cannulation,ent,2875.0,3306.0,3306.0
667,Laparotomy recannalization of Fallopian tubes-(Tubuloplasty),ent,20183.0,23210.0,23210.0
668,Laparoscopic recannalization of Fallopian tubes- (Tubuloplasty),ent,17550.0,20183.0,20183.0
669,Colposcopy,ent,958.0,1102.0,1102.0
670,Inversion of Uterus – Vaginal Reposition,ent,2500.0,2875.0,2875.0
671,Inversion of Uterus – Abdominal Reposition,ent,2500.0,2875.0,2875.0
672,Laparoscopic VVF Repair,ent,25200.0,28980.0,28980.0
673,Abdominal VVF Repair,ent,25200.0,28980.0,28980.0
674,Vaginal VVF Repair,ent,25200.0,28980.0,28980.0
675,Interventional Ultrasonography (CVS),ent,880.0,1012.0,1012.0
676,Amniocentesis,ent,880.0,1012.0,1012.0
677,Karyotyping,ent,800.0,920.0,920.0
678,Thermal balloon ablation.,ent,11500.0,13225.0,13225.0
679,Ultrasonographic myolysis,ent,9264.0,10653.0,10653.0
680,Vaginal Myomectomy,ent,9000.0,10350.0,10350.0
681,Intra Uterine Inseminition,ent,920.0,1058.0,1058.0
682,ICSI,ent,11500.0,13225.0,13225.0
683,Laparotomy abdominal sacro-colpopexy,ent,15000.0,17250.0,17250.0
684,Vaginal Colpopexy,ent,19800.0,22770.0,22770.0
685,Laparoscopic abdominal sacro-colpopexy,ent,20000.0,23000.0,23000.0
686,Laparotomy pelvic Lymphadenectomy,ent,1200.0,1380.0,1380.0
687,Laparoscopic pelvic Lymphadenectomy,ent,3500.0,4025.0,4025.0
688,Endometrial aspiration cytology/biopsy,ent,513.0,590.0,590.0
689,Transvaginal sonography (TVS for Follicular monitioring /aspiration),ent,460.0,529.0,529.0
690,laparoscopic treatment for stress incontinence,ent,13500.0,15525.0,15525.0
691,Transvaginal tapes for Stress incontinence,ent,13500.0,15525.0,15525.0
692,trans-obturator tapes for Stress incontinence,ent,12000.0,13800.0,13800.0
693,Interventional radiographic arterial embolization,ent,16200.0,18630.0,18630.0
694,Diagnostic cystoscopy,ent,2875.0,3306.0,3306.0
695,Staging laparotomy surgery for CA Ovary,ent,6325.0,7274.0,7274.0
696,Internal Iliac ligation,ent,3393.0,3902.0,3902.0
697,stepwise devascularisation,ent,9200.0,10580.0,10580.0
698,Assisted breech delivery,ent,9833.0,11308.0,11308.0
699,Intra-uterine fetal blood transfusion,ent,21275.0,24466.0,24466.0
700,Hysteroscopy TCRE,ent,8500.0,9775.0,9775.0
701,Hysteroscopy Removal of IUCD,ent,7500.0,8625.0,8625.0
702,Hysteroscopy Removal of Septum,ent,11000.0,12650.0,12650.0
703,Hysteroscopy Diagnostic,ent,7500.0,8625.0,8625.0
704,Radical Hysterectomy for Cancer cervix with pelvic lymphadenectomy,ent,7650.0,8798.0,8798.0
705,"Radical Hysterectomy for Cancer endometrium extending to cervix with
pelvic and para aortic lymphadenectomy",ent,8500.0,9775.0,9775.0
706,Sterilization Post partum (minilap),ent,3750.0,4313.0,4313.0
707,Sterilization interval (minilap),ent,3750.0,4313.0,4313.0
708,Ultrasonography Level II scan/Anomaly Scan,ent,1700.0,2000.0,2000.0
709,Fetal nuchal Translucency,ent,300.0,345.0,345.0
710,"Fetal Doppler/Umblical Doppler/Uterine Vessel Doppler (USG Colour
Doppler Pregnancy)",ent,1425.0,1675.0,1675.0
711,MTP- 1st Trimester,ent,3000.0,3450.0,3450.0
712,MTP - 2nd Trimester,ent,4370.0,5026.0,5026.0
713,Quadruple test,ent,2000.0,2300.0,2300.0
714,Biophysical score,ent,600.0,690.0,690.0
715,Other Major Surgery,ent,25200.0,28980.0,28980.0
716,Other Minor Surgery,ent,5000.0,5750.0,5750.0
717,Partial Nephrectomy -open,ent,14594.0,16782.0,16782.0
718,Partial Nephrectomy-laproscopic/endoscopic,ent,13041.0,14998.0,14998.0
719,Nephrolithomy -open,ent,12000.0,13800.0,13800.0
720,Nephrolithomy -laproscopic/endoscopic,ent,14000.0,16100.0,16100.0
721,Pyelolithotomy-open,ent,13000.0,14950.0,14950.0
722,Pyelolithotomy -laproscopic/endoscopic,ent,9522.0,10950.0,10950.0
723,Operations for Hydronephrosis -pyeloplasty open,ent,16560.0,19044.0,19044.0
724,Operations for Hydronephrosis -pyeloplasty Lap/endoscopic,ent,19000.0,21850.0,21850.0
725,Operations for Hydronephrosis Endoplyelotomy antegrade,ent,18000.0,20700.0,20700.0
726,Operations for Hydronephrosis Endoplyelotomy retrograde,ent,18000.0,20700.0,20700.0
727,Operations for Hydronephrosis -ureterocalicostomy,ent,18000.0,20700.0,20700.0
728,Operations for Hydronephrosis-Ileal ureter,ent,18000.0,20700.0,20700.0
729,Open Drainage of Perinephric Abscess,ent,8000.0,9200.0,9200.0
730,Percutaneous Drainage of Perinephric Abscess -Ultrasound guided,ent,5750.0,5750.0,5750.0
731,Cavernostomy,ent,9775.0,11500.0,11500.0
732,Operations for Cyst of the Kidney -open,ent,10764.0,12379.0,12379.0
733,Operations for Cyst of the Kidney -Lap/endoscopic,ent,14030.0,16135.0,16135.0
734,Ureterolithotomy -open,ent,13248.0,15235.0,15235.0
735,Ureterolithotomy-Lap/Endoscopic,ent,10000.0,11500.0,11500.0
736,Nephroureterectomy open,ent,14490.0,16664.0,16664.0
737,Nephroureterectomy -Lap/Endoscopic,ent,14490.0,16664.0,16664.0
738,Operations for Ureter for -Double Ureters,ent,17100.0,19665.0,19665.0
739,Operations for Ureter -for Ectopia of Single Ureter,ent,18000.0,20700.0,20700.0
740,Operations for Vesico- ureteric Reflux -Open,ent,18000.0,20700.0,20700.0
741,Operations for Vesico- ureteric Reflux-Lap/Endoscopic,ent,18000.0,20700.0,20700.0
742,"Operations for Vesico- ureteric Reflux/ Urinary incontinence with bulking
agents",ent,18630.0,21425.0,21425.0
743,Ureterostomy - Cutaneous,ent,12000.0,13800.0,13800.0
744,Uretero-Colic anastomosis,ent,16000.0,18400.0,18400.0
745,Formation of an Ileal Conduit,ent,15525.0,17854.0,17854.0
746,Ureteric Catheterisation,ent,8278.0,10950.0,10950.0
747,Biopsy of Bladder (Cystoscopic),ent,2300.0,2645.0,2645.0
748,Cysto-Litholapaxy,ent,9833.0,11308.0,11308.0
749,Operations for Injuries of the Bladder,ent,10000.0,11500.0,11500.0
750,Suprapubic Drainage (Cystostomy/vesicostomy),ent,6000.0,6900.0,6900.0
751,Simple Cystectomy,ent,15525.0,17854.0,17854.0
752,Diverticulectomy -open,ent,16000.0,18400.0,18400.0
753,Diverticulectomy- Lap/Endoscopic,ent,16560.0,19044.0,19044.0
754,Diverticulectomy -Endoscopic incision of neck,ent,1553.0,1786.0,1786.0
755,Augmentation Cystoplasty,ent,6670.0,7671.0,7671.0
756,Operations for Extrophy of the Bladder- Single stage repair,ent,20070.0,23081.0,23081.0
757,Operations for Extrophy of the Bladder- Multistage repair,ent,18734.0,21543.0,21543.0
758,"Operations for Extrophy of the Bladder- simple cystectomy with urinary
diversion",ent,20250.0,23288.0,23288.0
759,Repair of Ureterocoel -Open,ent,13800.0,15870.0,15870.0
760,Repair of Ureterocoel -Lap/Endoscopic,ent,14375.0,16531.0,16531.0
761,Repair of Ureterocoel -Endoscopic incision,ent,11700.0,13450.0,13450.0
762,Open Suprapubic Prostatectomy,ent,18630.0,21425.0,21425.0
763,Open Retropubic Prostatectomy,ent,18113.0,20830.0,20830.0
764,Transurethral Resection of Prostate (TURP),ent,18630.0,21425.0,21425.0
765,Urethroscopy/ Cystopanendoscopy,ent,4600.0,5290.0,5290.0
766,Internal urethrotomy -optical,ent,5750.0,6613.0,6613.0
767,Internal urethrotomy -Core through urethroplasty,ent,9936.0,11426.0,11426.0
768,Urethral Reconstruction -End to end ansatamosis,ent,3450.0,3968.0,3968.0
769,"Urethral Reconstruction - substitution urethroplasty (Transpubic
urethroplasty",ent,17595.0,20235.0,20235.0
770,Abdomino Perineal urethroplasty,ent,12600.0,14490.0,14490.0
771,Posterior Urethral Valve fulguration.,ent,10143.0,11665.0,11665.0
772,Operations for Incontinence of Urine - Male -Open,ent,15525.0,17854.0,17854.0
773,Operations for Incontinence of Urine - Male -Sling,ent,16560.0,19044.0,19044.0
774,Operations for Incontinence of Urine - Male-Bulking agent,ent,17492.0,20115.0,20115.0
775,Operations for Incontinence of Urine - Female -Open,ent,15525.0,17854.0,17854.0
776,Operations for Incontinence of Urine - Female-Sling,ent,16560.0,19044.0,19044.0
777,Operations for Incontinence of Urine - Female-Bulking agent,ent,17492.0,20115.0,20115.0
778,Reduction of Paraphimosis,ent,1553.0,1786.0,1786.0
779,Circumcision,ent,3000.0,3450.0,3450.0
780,Meatotomy,ent,2346.0,2698.0,2698.0
781,Meatoplasty,ent,2898.0,3333.0,3333.0
782,Operations for Hypospadias + Chordee Correction,ent,8280.0,9522.0,9522.0
783,Operations for Hypospadias - Second Stage,ent,13500.0,15525.0,15525.0
784,Operations for Hypospadias - One Stage Repair,ent,9200.0,10580.0,10580.0
785,Operations for Crippled Hypospadias,ent,11500.0,13225.0,13225.0
786,Operations for Epispadias _primary repair,ent,11334.0,13034.0,13034.0
787,Operations for Epispadias-crippled epispadias,ent,10247.0,11784.0,11784.0
788,Partial Amputation of the Penis,ent,9688.0,11141.0,11141.0
789,Total amputation of the Penis,ent,10800.0,12420.0,12420.0
790,Orchidectomy-Simple,ent,9775.0,11241.0,11241.0
791,Orchidectomy -Radical,ent,10868.0,12498.0,12498.0
792,Post Radical Orchidectomy retroperitoneal lymph node dissection.,ent,14000.0,16100.0,16100.0
793,Epididymectomy,ent,15938.0,18750.0,18750.0
794,Adreneclectomy Unilateral/Bilateral for Tumour/For Carcinoma- Open,ent,22770.0,26186.0,26186.0
795,"Adreneclectomy Unilateral/Bilateral for Tumour/For Carcinoma -
Lap/Endoscopic",ent,12938.0,14878.0,14878.0
796,Operations for Hydrocele - Unilateral,ent,5865.0,6745.0,6745.0
797,Operations for Hydrocele - Bilateral,ent,7700.0,8855.0,8855.0
798,Operation for Torsion of Testis,ent,11500.0,13225.0,13225.0
799,Micro-surgical Vasovasostomy /Vaso epidedymal ansatamosis.,ent,9936.0,11426.0,11426.0
800,Operations for Varicocele Unilateral-Microsurgical,ent,7705.0,8861.0,8861.0
801,Operations for Varicocele Palomo’s Unilateral - Lap,ent,8280.0,9522.0,9522.0
802,Operations for Varicocele Bilateral --Microsurgical,ent,12650.0,14548.0,14548.0
803,Operations for Varicocele Bilateral – Lap/ Palomo,ent,14950.0,17193.0,17193.0
804,Block Dissection of ilio-inguinal Nodes - One Side (For Ca- Penis),ent,6325.0,7274.0,7274.0
805,Block Dissection of ilio-inguinal Nodes - Both Sides (For Ca- Penis),ent,20700.0,23805.0,23805.0
806,Excision of Filarial Scrotum,ent,11500.0,13225.0,13225.0
807,Kidney Transplantation (related),ent,200000.0,230000.0,230000.0
808,"Kidney Transplantation (Spousal/ unrelated) Including immunosuppressant
therapy",ent,300000.0,345000.0,345000.0
809,ABO incompatible Transplantation,ent,441000.0,507150.0,507150.0
810,Swap Transplantation,ent,349200.0,401580.0,401580.0
811,Kidney Transplant Graft Nephrectomy,ent,59500.0,70000.0,70000.0
812,Donor Nephrectomy (open),ent,28750.0,33063.0,33063.0
813,Donor Nephrectomy (Laproscopic),ent,46000.0,52900.0,52900.0
814,Cadaver Transplantation,ent,83300.0,95795.0,95795.0
815,Kidney Transplant with Native Kidney Nephrectomy (Related)/ Unilateral,ent,28000.0,32200.0,32200.0
816,Kidney Transplant with Native Kidney Nephrectomy (Related)/ Bilateral,ent,76500.0,87975.0,87975.0
817,"Kidney Transplant with Native Kidney Nephrectomy (Spousal/ Unrelated)
Unilateral",ent,76500.0,87975.0,87975.0
818,"Kidney Transplant with Native Kidney Nephrectomy (Spousal/ Unrelated)
Bilateral",ent,76500.0,87975.0,87975.0
819,Post-Transplant Collection drainage for Lymphocele (open),ent,6120.0,7200.0,7200.0
820,Post-Transplant Collection drainage for Lymphocele (percutaneous),ent,6120.0,7200.0,7200.0
821,Post-Transplant Collection drainage for Lymphocele (Laproscopic),ent,6885.0,8100.0,8100.0
822,Arteriovenous Fistula for Haemodialysis,ent,2300.0,2645.0,2645.0
823,Arteriovenous Shunt for Haemodialysis,ent,3500.0,4025.0,4025.0
824,Jugular Catheterization for Haemodialysis,ent,1500.0,1725.0,1725.0
825,Subclavian Catheterization for Haemodialysis,ent,2025.0,2329.0,2329.0
826,One sided (single Lumen) Femoral Catheterization for Haemodialysis,ent,1000.0,1150.0,1150.0
827,Bilateral (single Lumen) Femoral Catheterization for Haemodialysis,ent,1500.0,1725.0,1725.0
828,Double Lumen Femoral Catheterization for Haemodialysis,ent,1850.0,2128.0,2128.0
829,Permcath Insertion,ent,2800.0,3220.0,3220.0
830,Arterio venous Prosthetic Graft,ent,1850.0,2128.0,2128.0
831,Single lumen Jugular Catheterization,ent,1500.0,1725.0,1725.0
832,Single lumen Subclavian Catheterization,ent,1700.0,2000.0,2000.0
833,Plasma Exchange/ Plasma phresis,ent,1725.0,1984.0,1984.0
834,Open method CAPD catheter insertion,ent,3150.0,3623.0,3623.0
835,Schlendinger method CAPD catheter insertion,ent,3150.0,3623.0,3623.0
836,Sustained low efficiency hemodialysis,ent,1250.0,1438.0,1438.0
837,Continuous Veno venous/Arteriovenous Hemofilteration,ent,2250.0,2588.0,2588.0
838,Hemodialysis for Sero negative cases,ent,1400.0,1610.0,1610.0
839,Hemodialysis for Sero Positive cases,ent,1650.0,1898.0,1898.0
840,Acute Peritoneal Dialysis,ent,1450.0,1668.0,1668.0
841,Fistologram for Arteriovenous Fistula,ent,2250.0,2588.0,2588.0
842,Ultrasound guided kidney Biopsy,ent,850.0,978.0,978.0
843,Fistula stenosis dilation,ent,3000.0,3450.0,3450.0
844,Slow continuous Ultrafilteration,ent,2250.0,2588.0,2588.0
845,PCNL - Unilateral,ent,20000.0,23000.0,23000.0
846,PCNL - Bilateral,ent,25000.0,28750.0,28750.0
847,Endoscopic Bulking agent Inject,ent,4500.0,5175.0,5175.0
848,Testicular Biopsy,ent,1760.0,2023.0,2023.0
849,Radical Nephrectomy -Open,ent,17250.0,19838.0,19838.0
850,Radical Nephrectomy -Lap/Endoscopic,ent,20700.0,23805.0,23805.0
851,Radical Nephrectomy plus IV thrombus,ent,20700.0,23805.0,23805.0
852,Radical Nephrectomy plus IV thrombus plus cardiac bypass.,ent,20700.0,23805.0,23805.0
853,Vesico Vaginal Fistula Repair (Open),ent,16000.0,18400.0,18400.0
854,Vesico Vaginal Fistula Repair (Laproscopic),ent,22000.0,25300.0,25300.0
855,Radical Cystectomy -Ileal conduit,ent,17000.0,20000.0,20000.0
856,Radical Cystectomy - continent diversion.,ent,15000.0,17250.0,17250.0
857,Radical Cystectomy – Neo bladder,ent,16650.0,19148.0,19148.0
858,Nephrectomy Simple -Open,ent,10074.0,11585.0,11585.0
859,Nephrectomy Simple-lap/Endoscopic,ent,11334.0,13034.0,13034.0
860,Nephrostomy -Open,ent,10000.0,11500.0,11500.0
861,Nephrostomy -Lap/Endoscopic,ent,10704.0,12593.0,12593.0
862,Ureteric Re- implant for Megaureter/Vesicoureteric reflex/uterocele (open),ent,10494.0,12068.0,12068.0
863,"Ureteric Re -implant for Megaureter/Vesicoureteric reflex/ uterocele
(Laproscopic)",ent,10494.0,12068.0,12068.0
864,Partial Cystectomy,ent,13800.0,15870.0,15870.0
865,TURP & TUR Bladder Tumour,ent,15525.0,17854.0,17854.0
866,TURP with Cystolithotripsy,ent,17000.0,19550.0,19550.0
867,Closure of Urethral Fistula,ent,9900.0,11385.0,11385.0
868,Orchidopexy - Unilateral -Open,ent,9867.0,11347.0,11347.0
869,Orchidopexy - Unilateral- Lap/Endoscopic,ent,12334.0,14184.0,14184.0
870,Orchidopexy - Bilateral -Open,ent,12282.0,14124.0,14124.0
871,Orchidopexy - Bilateral -Lap/Endoscopic,ent,14500.0,16675.0,16675.0
872,Cystolithotomy -Suprapubic,ent,9775.0,11241.0,11241.0
873,Endoscopic Removal of Stone in Bladder,ent,3450.0,3968.0,3968.0
874,"Resection Bladder Neck Endoscopic /Bladder neck incision/transurethral
incision on prostrate",ent,9833.0,11308.0,11308.0
875,Ureteroscopic Surgery,ent,9315.0,10713.0,10713.0
876,Urethroplasty 1st Stage,ent,10925.0,12564.0,12564.0
877,Scrotal Exploration,ent,8556.0,9839.0,9839.0
878,Perineal Urethrostomy,ent,4715.0,5422.0,5422.0
879,Dilatation of Stricture Urethra under G.A.,ent,2000.0,2300.0,2300.0
880,Dilatation of Stricture Urethra under LA,ent,1553.0,1786.0,1786.0
881,Laproscopic Nephrectomy,ent,30015.0,34518.0,34518.0
882,Laproscopic partial Nephrectomy,ent,10000.0,11500.0,11500.0
883,Laproscopic pyelolithotomy,ent,12650.0,14548.0,14548.0
884,Laproscopic Pyeloplasty,ent,9775.0,11241.0,11241.0
885,Laproscopic surgery for Renal cyst,ent,9775.0,11241.0,11241.0
886,Laproscopic ureterolithotomy,ent,11500.0,13225.0,13225.0
887,Laproscopic Nephro ureterotectomy,ent,11903.0,13688.0,13688.0
888,Lithotripsy Extra corporeal shock wave.,ent,19550.0,22483.0,22483.0
889,Uroflow Study (Uroflometry),ent,450.0,518.0,518.0
890,Urodynamic Study (Cystometry),ent,480.0,552.0,552.0
891,Cystoscopy with Retrograde Catheter -Unilateral /RGP,ent,2523.0,2901.0,2901.0
892,Cystoscopy with Retrograde Catheter - Bilateral /RGP,ent,4208.0,4950.0,4950.0
893,Cystoscopy with Bladder Biopsy (Cold Cup Biopsy),ent,3381.0,3888.0,3888.0
894,Voiding-cysto-urethrogram and retrograde urethrogram (Nephrostogram),ent,414.0,476.0,476.0
895,Radical prostatectomy-Open,ent,16043.0,18449.0,18449.0
896,Radical prostatectomy-Laproscopic,ent,18113.0,20830.0,20830.0
897,Radical prostatectomy- Robotic (Robotic Partial Nephrectomy),ent,18113.0,20830.0,20830.0
898,Hollmium YAG Prostate Surgery,ent,15000.0,17250.0,17250.0
899,Hollmium YAG OIU,ent,4600.0,5290.0,5290.0
900,Hollmium YAG Core Through,ent,17250.0,19838.0,19838.0
901,Hollmium YAG Stone Lithotripsy,ent,10200.0,12000.0,12000.0
902,Green Light laser for prostate,ent,17250.0,19838.0,19838.0
903,RIRS/ Flexible Ureteroscopy,ent,6800.0,7820.0,7820.0
904,Microscopic VEA/ Vaso-Vasostomy (for Infertility),ent,13500.0,15525.0,15525.0
905,"Cystoscopic Botulinum Toxin Injection ( Over active bladder/ Neurogenic
bladder)",ent,6800.0,7820.0,7820.0
906,Peyronie’s disease – Plaque excision with grafting,ent,3400.0,4000.0,4000.0
907,"High Intensity Focus Ultrasound (HIFU) (Robotic) for
Carcinoma prostrate and renal cell carcinoma",ent,4600.0,5290.0,5290.0
908,Prosthetic surgery for urinary incontinence,ent,2300.0,2645.0,2645.0
909,TRUS guided prostate biopsy,ent,575.0,661.0,661.0
910,Ultra sound guided PCN,ent,648.0,745.0,745.0
911,Other Major Surgery,ent,15000.0,17250.0,17250.0
912,Other Minor Surgery,ent,6800.0,7820.0,7820.0
913,Craniotomy and Evacuation of Haematoma -Subdural,ent,45644.0,52490.0,52490.0
914,Craniotomy and Evacuation of Haematoma -Extradural,ent,50000.0,57500.0,57500.0
915,Evacuation /Excision of Brain Abscess by craniotomy,ent,40000.0,46000.0,46000.0
916,Excision of Lobe (Frontal Temporal Cerebellum etc.),ent,41000.0,47150.0,47150.0
917,Excision of Brain Tumours -Supratentorial,ent,39123.0,44991.0,44991.0
918,Excision of Brain Tumours -Infratentorial,ent,45000.0,51750.0,51750.0
919,Surgery of spinal Cord Tumours,ent,45000.0,51750.0,51750.0
920,Ventriculoatrial /Ventriculoperitoneal Shunt,ent,25000.0,28750.0,28750.0
921,Twist Drill Craniostomy,ent,4250.0,5000.0,5000.0
922,Subdural Tapping,ent,2456.0,2824.0,2824.0
923,Ventricular Tapping,ent,2967.0,3412.0,3412.0
924,Abscess Tapping,ent,2875.0,3306.0,3306.0
925,Placement of ICP Monitor -,ent,2588.0,2975.0,2975.0
926,Skull Traction Application,ent,2300.0,2645.0,2645.0
927,Lumber Pressure Monitoring,ent,4250.0,5000.0,5000.0
928,Vascular Malformations,ent,22000.0,25300.0,25300.0
929,Meningo Encephalocoele excision and repair,ent,13500.0,15525.0,15525.0
930,Meningomyelocoel Repair,ent,24995.0,28744.0,28744.0
931,C.S.F. Rhinorrhaea Repair,ent,28750.0,33063.0,33063.0
932,Cranioplasty,ent,24150.0,27773.0,27773.0
933,Anterior Cervical Dissectomy,ent,16600.0,19090.0,19090.0
934,Brachial Plexus Exploration and neurotization,ent,15525.0,17854.0,17854.0
935,Median Nerve Decompression,ent,14000.0,16100.0,16100.0
936,Peripheral Nerve Surgery – Major,ent,15525.0,17854.0,17854.0
937,Peripheral Nerve Surgery Minor,ent,8280.0,9522.0,9522.0
938,Ventriculo-Atrial Shunt,ent,11615.0,13357.0,13357.0
939,Nerve Biopsy,ent,6900.0,7935.0,7935.0
940,Brain Biopsy,ent,5808.0,6679.0,6679.0
941,Anterior Cervical Spine Surgery with fusion,ent,28980.0,33327.0,33327.0
942,Anterio Lateral Decompression of spine,ent,25875.0,29757.0,29757.0
943,Brain Mapping,ent,837.0,963.0,963.0
944,Cervical or Dorsal or Lumbar Laminectomy,ent,20700.0,23805.0,23805.0
945,Combined Trans-oral Surgery & CV Junction Fusion,ent,31050.0,35708.0,35708.0
946,C.V. Junction Fusion procedures,ent,30000.0,34500.0,34500.0
947,Depressed Fracture Elevation,ent,25000.0,28750.0,28750.0
948,Lumbar Discectomy,ent,24840.0,28566.0,28566.0
949,Endarterectomy (Carotid),ent,20000.0,23000.0,23000.0
950,R.F. Lesion for Trigeminal Neuralgia,ent,11500.0,13225.0,13225.0
951,Spasticity Surgery -,ent,35708.0,41063.0,41063.0
952,Spinal Fusion Procedure,ent,30000.0,34500.0,34500.0
953,Spinal Intra Medullary Tumours,ent,34500.0,39675.0,39675.0
954,Spinal Bifida Surgery Major,ent,17078.0,19639.0,19639.0
955,Spinal Bifida Surgery Minor,ent,15000.0,17250.0,17250.0
956,Stereotaxic Procedures- biopsy/aspiration of cyst,ent,20700.0,23805.0,23805.0
957,Trans Sphenoidal Surgery,ent,30000.0,34500.0,34500.0
958,Trans Oral Surgery,ent,30000.0,34500.0,34500.0
959,Implantation of DBS -One electrode,ent,34500.0,39675.0,39675.0
960,Implantation of DBS -two electrodes,ent,36225.0,41659.0,41659.0
961,Endoscopic aqueductoplasty,ent,15000.0,17250.0,17250.0
962,Facial nerve reconstruction,ent,30000.0,34500.0,34500.0
963,Carotid stenting,ent,42263.0,48602.0,48602.0
964,Cervical disc arthroplasty,ent,24840.0,28566.0,28566.0
965,Lumbar disc arthroplasty,ent,13800.0,15870.0,15870.0
966,Corpus callostomy for Epilepsy,ent,35000.0,40250.0,40250.0
967,Hemishpherotomy for Epilepsy,ent,28980.0,33327.0,33327.0
968,Endoscopic CSF rhinorrhea repair,ent,30000.0,34500.0,34500.0
969,Burr hole evacuation of chronic subdural haematoma,ent,24150.0,27773.0,27773.0
970,Epilepsy surgery,ent,36225.0,41659.0,41659.0
971,RF lesion for facet joint pain syndrome,ent,17250.0,19838.0,19838.0
972,Cervical laminoplasty,ent,28800.0,33120.0,33120.0
973,Lateral mass C1-C2 screw fixation,ent,23000.0,26450.0,26450.0
974,Microsurgical decompression for Trigeminal nerve,ent,38000.0,43700.0,43700.0
975,Microsurgical decompression for hemifacial spasm,ent,4181.0,4809.0,4809.0
976,IC EC bypass procedures,ent,32000.0,36800.0,36800.0
977,Image guided craniotomy,ent,28980.0,33327.0,33327.0
978,Baclofen pump implantation,ent,39000.0,44850.0,44850.0
979,Programmable VP shunt,ent,25000.0,28750.0,28750.0
980,Endoscopic sympathectomy,ent,15396.0,17706.0,17706.0
981,Lumber puncture,ent,207.0,238.0,238.0
982,External ventricular drainage (EVD),ent,4140.0,4761.0,4761.0
983,Endoscopic 3rd ventriculostomy,ent,40000.0,46000.0,46000.0
984,Endoscopic cranial surgery/Biopsy/aspiration,ent,31536.0,36266.0,36266.0
985,Endoscopic discectomy (Lumbar Cervical),ent,35621.0,40964.0,40964.0
986,Aneurysm coiling (Endovascular),ent,34400.0,39560.0,39560.0
987,Surgery for skull fractures,ent,36000.0,41400.0,41400.0
988,Carpel Tunnel decompression,ent,15000.0,17250.0,17250.0
989,Clipping of intracranial aneurysm,ent,24150.0,27773.0,27773.0
990,Surgery for intracranial Arteriovenous malformarions(AVM),ent,40000.0,46000.0,46000.0
991,Foramen magnum decompression for Chari Malformation,ent,93750.0,107813.0,107813.0
992,Dorsal column stimulation for backache in failed back syndrome,ent,25875.0,29757.0,29757.0
993,Surgery for recurrent disc prolapse/epidural fibrosis,ent,28980.0,33327.0,33327.0
994,Surgery for brain stem tumours,ent,39589.0,45527.0,45527.0
995,"Decompressive craniotomy for hemishpherical acute
subdural haematoma/brain swelling/large infarct",ent,40000.0,46000.0,46000.0
996,Intra-arterial thrombolysis with TPA (for ischemic stroke ),ent,4600.0,5290.0,5290.0
997,Steriotactic aspiration of intracerebral haematoma,ent,32545.0,37427.0,37427.0
998,Endoscopic aspiration of intracerebellar haematoma,ent,40000.0,46000.0,46000.0
999,"Steriotactic Radiosurgery for brain pathology(X knife/Gamma) - ONE
session",ent,27560.0,31694.0,31694.0
1000,"Steriotactic Radiosurgery for brain pathology(X knife / Gamma knife -Two or
more sessions",ent,51750.0,59513.0,59513.0
1001,Chemotheraphy wafers for malignant brain tumors,ent,14450.0,16618.0,16618.0
1002,Battery Placement for DBS,ent,22000.0,25300.0,25300.0
1003,Baclofen pump implantation for spasticity,ent,15597.0,17937.0,17937.0
1004,Peripheral Nerve tumor surgery,ent,21600.0,24840.0,24840.0
1005,Surgery Intra Cranial Meningioma,ent,20000.0,23000.0,23000.0
1006,Surgery for Intracranial Schwannoma,ent,35000.0,40250.0,40250.0
1007,Surgery for Gliomas,ent,45000.0,51750.0,51750.0
1008,Surgery for Orbital tumors,ent,40000.0,46000.0,46000.0
1009,Surgery for Cranial (Skull) tumors,ent,38500.0,44275.0,44275.0
1010,Surgery for Scalp AVM’s,ent,25000.0,28750.0,28750.0
1011,Kyphoplasty,ent,36000.0,41400.0,41400.0
1012,Balloon Kyphoplasty,ent,40000.0,46000.0,46000.0
1013,Lesioning procedures for Parkinson’s disease Dystonia etc.,ent,31500.0,36225.0,36225.0
1014,Other Major Surgery,ent,42500.0,50000.0,50000.0
1015,Other Minor Surgery,ent,17000.0,20000.0,20000.0
1016,Excision of thyroglossal Duct/Cyst,ent,16000.0,18400.0,18400.0
1017,Diaphragmatic Hernia Repair (Thoracic or Abdominal Approach),ent,15525.0,17854.0,17854.0
1018,Tracheo Oesophageal Fistula (Correction Surgery),ent,23000.0,26450.0,26450.0
1019,Colon Replacement of Oesophagus,ent,20700.0,23805.0,23805.0
1020,Omphalo Mesenteric Cyst Excision,ent,15525.0,17854.0,17854.0
1021,Omphalo Mesenteric Duct- Excision,ent,13973.0,16069.0,16069.0
1022,Meckels Diverticulectomy,ent,3347.0,3849.0,3849.0
1023,Omphalocele 1st Stage (Hernia Repair),ent,13973.0,16069.0,16069.0
1024,Omphalocele 2nd Stge (Hernia Repair),ent,15525.0,17854.0,17854.0
1025,Gastrochisis Repair,ent,14490.0,16664.0,16664.0
1026,Inguinal Herniotomy,ent,11302.0,12998.0,12998.0
1027,Congenital Hydrocele,ent,12000.0,13800.0,13800.0
1028,Hydrocele of Cord,ent,12000.0,13800.0,13800.0
1029,Torsion Testis Operation,ent,15000.0,17250.0,17250.0
1030,Congenital Pyloric Stenosis- operation,ent,12544.0,14426.0,14426.0
1031,Duodenal- Atresia Operation,ent,12600.0,14490.0,14490.0
1032,Pancreatic Ring Operation,ent,22425.0,25789.0,25789.0
1033,Meconium Ileus Operation,ent,14500.0,16675.0,16675.0
1034,Malrotation of Intestines Operation,ent,13000.0,14950.0,14950.0
1035,Rectal Biopsy (Megacolon),ent,8762.0,10076.0,10076.0
1036,Colostomy Transverse,ent,15000.0,17250.0,17250.0
1037,Colostomy Left Iliac,ent,15000.0,17250.0,17250.0
1038,Abdominal Perineal Pull Through (Hirschaprugis Disease),ent,19000.0,21850.0,21850.0
1039,Imperforate Anus Low Anomaly -Cut Back Operation,ent,9212.0,10593.0,10593.0
1040,Imperforate Anus Low Anomaly - Perineal Anoplasty,ent,12000.0,13800.0,13800.0
1041,Imperforate Anus High Anomaly -Sacroabdomino Perineal Pull Through,ent,12500.0,14375.0,14375.0
1042,Imperforate Anus High Anomaly - Closure of Colostomy,ent,8625.0,9919.0,9919.0
1043,Intususception Operation,ent,18630.0,21425.0,21425.0
1044,Choledochoduodenostomy for Atresia of Extra Hepatic Billiary Duct,ent,15000.0,17250.0,17250.0
1045,Operation of Choledochal Cyst,ent,16000.0,18400.0,18400.0
1046,Nephrectomy for -Pyonephrosis,ent,17000.0,19550.0,19550.0
1047,Nephrectomy for - Hydronephrosis,ent,15000.0,17250.0,17250.0
1048,Nephrectomy for -Wilms Tumour,ent,13500.0,15525.0,15525.0
1049,Paraortic Lymphadenoctomy with Nephrectomy for Wilms Tumour,ent,20000.0,23000.0,23000.0
1050,Sacro-Coccygeal Teratoma Excision,ent,14000.0,16100.0,16100.0
1051,Neuroblastoma Debulking,ent,16000.0,18400.0,18400.0
1052,Neuroblastoma Total Excision,ent,18630.0,21425.0,21425.0
1053,Rhabdomyosarcoma wide Excision,ent,15000.0,17250.0,17250.0
1054,Congenital Atresia & Stenosis of Small Intestine,ent,19000.0,21850.0,21850.0
1055,Muconium ileus,ent,16000.0,18400.0,18400.0
1056,Mal-rotation & Volvulus of the Midgut,ent,15000.0,17250.0,17250.0
1057,Excision of Meckle’s Deverticulum,ent,12000.0,13800.0,13800.0
1058,Other Major Surgery,ent,27000.0,31050.0,31050.0
1059,Other Minor Surgery,ent,11050.0,13000.0,13000.0
1060,Primary Suturing of Wound,ent,300.0,345.0,345.0
1061,Injection of Keloids - Ganglion,ent,989.0,1138.0,1138.0
1062,Injection of Keloids - Haemangioma,ent,1035.0,1191.0,1191.0
1063,Free Grafts - Wolfe Grafts,ent,1725.0,1984.0,1984.0
1064,Free Grafts - Theirech- Small Area 5%,ent,6728.0,7736.0,7736.0
1065,Free Grafts - Large Area 10%,ent,7200.0,8280.0,8280.0
1066,Free Grafts - Very Large Area 20% and above.,ent,9315.0,10713.0,10713.0
1067,Skin Flaps - Rotation Flaps,ent,8073.0,9284.0,9284.0
1068,Skin Flaps - Advancement Flaps,ent,11250.0,12938.0,12938.0
1069,Skin Flaps - Direct- cross Leg Flaps- Cross Arm Flap,ent,12500.0,14375.0,14375.0
1070,Skin Flaps - Cross Finger,ent,11250.0,12938.0,12938.0
1071,Skin Flaps - Abdominal,ent,9350.0,11000.0,11000.0
1072,Skin Flaps - Thoracic,ent,9350.0,11000.0,11000.0
1073,Skin Flaps - Arm Etc.,ent,11000.0,12650.0,12650.0
1074,Subcutaneous Pedicle Flaps Raising,ent,6900.0,7935.0,7935.0
1075,Subcutaneous Pedicle Flaps Delay,ent,5950.0,7000.0,7000.0
1076,Subcutaneous Pedicle Flaps Transfer,ent,5950.0,7000.0,7000.0
1077,Cartilage Grafting,ent,7763.0,8927.0,8927.0
1078,Reduction of Facial Fractures of Nose,ent,1380.0,1587.0,1587.0
1079,Reduction of Facial Fractures of Maxilla,ent,8000.0,9200.0,9200.0
1080,Reduction of Fractures of Mandible & Maxilla - Eye Let Splinting,ent,7475.0,8596.0,8596.0
1081,Reduction of Fractures of Mandible & Maxilla - Cast Netal Splints,ent,6900.0,7935.0,7935.0
1082,Reduction of Fractures of Mandible & Maxilla - Gumming Splints,ent,7500.0,8625.0,8625.0
1083,Internal Wire Fixation of Mandible & Maxilla,ent,11500.0,13225.0,13225.0
1084,Cleft Lip - repair.,ent,11500.0,13225.0,13225.0
1085,Cleft Palate Repair,ent,12650.0,14548.0,14548.0
1086,Primary Bone Grafting for alveolar cleft in Cleft Lip,ent,11500.0,13225.0,13225.0
1087,Secondary Surgery for Cleft Lip Deformity,ent,10000.0,11500.0,11500.0
1088,Secondary Surgery for Cleft Palate,ent,12650.0,14548.0,14548.0
1089,Reconstruction of Eyelid Defects - Minor,ent,6325.0,7274.0,7274.0
1090,Reconstruction of Eyelid Defects - Major,ent,8500.0,9775.0,9775.0
1091,Plastic Surgery of Different Regions of the Ear - Minor,ent,7245.0,8332.0,8332.0
1092,Plastic Surgery of Different Regions of the Ear - Major,ent,9315.0,10713.0,10713.0
1093,Plastic Surgery of the Nose - Minor,ent,7245.0,8332.0,8332.0
1094,Plastic Surgery of the Nose - Major,ent,8550.0,9833.0,9833.0
1095,Plastic Surgery for Facial Paralysis (Support with Reanimation),ent,14490.0,16664.0,16664.0
1096,Pendulous Breast - Mammoplasty,ent,13000.0,14950.0,14950.0
1097,Underdeveloped Breast Mammoplasty,ent,12000.0,13800.0,13800.0
1098,After Mastectomy (Reconstruction)Mammoplasty,ent,12000.0,13800.0,13800.0
1099,Syndactyly Repair,ent,11475.0,13500.0,13500.0
1100,Dermabrasion Face,ent,11903.0,13688.0,13688.0
1101,upto 30% Burns 1st Dressing,ent,152.0,175.0,175.0
1102,upto 30% Burns Subsequent Dressing,ent,124.0,143.0,143.0
1103,30% to 50% Burns 1st Dressing,ent,193.0,222.0,222.0
1104,30% to 50% Burns Subsequent Dressing,ent,152.0,175.0,175.0
1105,Extensive Burn -above 50% Frist Dressing,ent,276.0,317.0,317.0
1106,Extensive Burn -above 50% Subsequent dressing,ent,193.0,222.0,222.0
1107,Plaster Work,ent,255.0,300.0,300.0
1108,Fingers (post slab),ent,259.0,298.0,298.0
1109,Fingers full plaster,ent,259.0,298.0,298.0
1110,Colles Fracture - Below elbow,ent,978.0,1125.0,1125.0
1111,Colles Fracture - Full plaster,ent,994.0,1143.0,1143.0
1112,Colles fracture Ant. Or post. slab,ent,400.0,460.0,460.0
1113,Above elbow full plaster,ent,173.0,199.0,199.0
1114,Above Knee post-slab,ent,518.0,595.0,595.0
1115,Below Knee full plaster,ent,173.0,199.0,199.0
1116,Below Knee post-slab,ent,718.0,826.0,826.0
1117,Tube Plaster (or plaster cylinder),ent,800.0,920.0,920.0
1118,Above knee full plaster,ent,1265.0,1455.0,1455.0
1119,Above knee full slab,ent,1158.0,1332.0,1332.0
1120,Minerva Jacket,ent,2415.0,2777.0,2777.0
1121,Plaster Jacket,ent,1967.0,2262.0,2262.0
1122,Shoulder spica,ent,1760.0,2023.0,2023.0
1123,Single Hip spica,ent,2019.0,2321.0,2321.0
1124,Double Hip spica,ent,2484.0,2857.0,2857.0
1125,Strapping of Finger,ent,179.0,206.0,206.0
1126,Strapping of Toes,ent,180.0,207.0,207.0
1127,Strapping of Wrist,ent,230.0,265.0,265.0
1128,Strapping of Elbow,ent,262.0,301.0,301.0
1129,Strapping of Knee,ent,345.0,397.0,397.0
1130,Strapping of Ankle,ent,345.0,397.0,397.0
1131,Strapping of Chest,ent,460.0,529.0,529.0
1132,Strapping of Shoulder,ent,466.0,536.0,536.0
1133,Figure of 8 bandage,ent,518.0,596.0,596.0
1134,Collar and cuff sling,ent,255.0,300.0,300.0
1135,Ball bandage,ent,360.0,414.0,414.0
1136,Application of P.O.P Casts for Upper & Lower Limbs,ent,633.0,728.0,728.0
1137,Application of Functiol Cast Brace,ent,1350.0,1553.0,1553.0
1138,Application of Skin Traction,ent,690.0,794.0,794.0
1139,Application of Skeletal Tractions,ent,949.0,1091.0,1091.0
1140,Bandage & Strappings for Fractures,ent,552.0,635.0,635.0
1141,Aspiration & Intra Articular Injections,ent,575.0,661.0,661.0
1142,Application of P.O.P Spices & Jackets,ent,2473.0,2844.0,2844.0
1143,Close Reduction of Fractures of Limb & P.O.P,ent,2600.0,2990.0,2990.0
1144,Reduction of Compound Fractures,ent,2484.0,2857.0,2857.0
1145,Open Reduction & Internal Fixation of Fingurs & Toes,ent,5175.0,5951.0,5951.0
1146,"Open Reduction offracture of Long Bones of Upper / Lower
Limb -iling & Exterl Fixation",ent,8050.0,9258.0,9258.0
1147,"Open Reduction of fracture of Long Bones of Upper / Lower
Limb -AO Procedures",ent,9660.0,11109.0,11109.0
1148,Tension Band Wirings,ent,5658.0,6507.0,6507.0
1149,Bone Grafting,ent,6601.0,7591.0,7591.0
1150,Excision of Bone Tumours,ent,6900.0,7935.0,7935.0
1151,Excision or other Operations for Scaphoid Fractures,ent,7188.0,8266.0,8266.0
1152,Sequestrectomy & Saucerisation,ent,6900.0,7935.0,7935.0
1153,Sequestrectomy & Saucerizations -Arthrotomy,ent,8974.0,10320.0,10320.0
1154,Multiple Pinning Fracture Neck Femur,ent,11500.0,13225.0,13225.0
1155,Plate Fixations for Fracture Neck Femur,ent,13500.0,15525.0,15525.0
1156,A.O.Compression Procedures for Fracture Neck Femur,ent,14904.0,17140.0,17140.0
1157,"Open Reduction of Fracture Neck Femur Muscle Pedicle
Graft and Internal Fixations",ent,17550.0,20183.0,20183.0
1158,Close Reduction of Dislocations,ent,2857.0,3285.0,3285.0
1159,Open Reduction of Dislocations,ent,3095.0,3560.0,3560.0
1160,Open Reduction of Fracture Dislocation & Internal Fixation,ent,13500.0,15525.0,15525.0
1161,Neurolysis/Nerve repair,ent,13800.0,15870.0,15870.0
1162,Nerve Repair with Grafting,ent,16675.0,19176.0,19176.0
1163,Tendon with Transplant or Graft,ent,10350.0,11903.0,11903.0
1164,Tendon Lengthening/Tendon repair,ent,7245.0,8332.0,8332.0
1165,Tendon Transfer,ent,2795.0,3214.0,3214.0
1166,Laminectomy Excision Disc and Tumours,ent,4347.0,5000.0,5000.0
1167,Spil Ostectomy and Internal Fixations,ent,21735.0,24996.0,24996.0
1168,Anterolateral decompression for tuberculosis/ Costo- Transversectomy,ent,3450.0,3968.0,3968.0
1169,Antereolateral Decompression and Spil Fusion,ent,19350.0,22253.0,22253.0
1170,Corrective Ostectomy & Internal Fixation - short bones,ent,13800.0,15870.0,15870.0
1171,Corrective Ostectomy & Internal Fixation - long bones,ent,11040.0,12696.0,12696.0
1172,Arthrodesis of - Minor Joints,ent,10350.0,11903.0,11903.0
1173,Arthrodesis of - Major Joints,ent,10000.0,11500.0,11500.0
1174,Soft Tissue Operations for C.T.E.V.,ent,8050.0,9258.0,9258.0
1175,Soft Tissue Operations for Polio,ent,6900.0,7935.0,7935.0
1176,Hemiarthroplasty- Hip,ent,18000.0,20700.0,20700.0
1177,Hemiarthroplasty- Shoulder,ent,18000.0,20700.0,20700.0
1178,Operations for Brachial Plexus & Cervical Rib,ent,21735.0,24996.0,24996.0
1179,Amputations - Below Knee,ent,6900.0,7935.0,7935.0
1180,Amputations - Below Elbow,ent,6843.0,7869.0,7869.0
1181,Amputations - Above Knee,ent,8050.0,9258.0,9258.0
1182,Amputations - Above Elbow,ent,6159.0,7082.0,7082.0
1183,Amputations - Forequarter,ent,13225.0,15209.0,15209.0
1184,Amputations -Hind Quarter and Hemipelvectomy,ent,16560.0,19044.0,19044.0
1185,Disarticulations - Major joint,ent,18630.0,21425.0,21425.0
1186,Disarticulations - Minor joint,ent,12650.0,14548.0,14548.0
1187,Arthrography,ent,9200.0,10580.0,10580.0
1188,Arthroscopy - Diagnostic,ent,8568.0,9853.0,9853.0
1189,Arthroscopy-therapeutic: without implant,ent,10000.0,11500.0,11500.0
1190,Arthroscopy-therapeutic: with implant,ent,15525.0,17854.0,17854.0
1191,Soft Tissue Operation on JOINTS -SMALL,ent,6210.0,7142.0,7142.0
1192,Soft Tissue Operation on JOINTS -LARGE,ent,13500.0,15525.0,15525.0
1193,Myocutaneous and Fasciocutaneous Flap Procedures for Limbs,ent,16767.0,19283.0,19283.0
1194,Removal of Wires & Screw,ent,1760.0,2024.0,2024.0
1195,Removal of Plates,ent,4140.0,4761.0,4761.0
1196,Total Hip Replacement,ent,79000.0,90850.0,90850.0
1197,Total Ankle Joint Replacement,ent,95400.0,109710.0,109710.0
1198,Total Knee Joint Replacement,ent,110000.0,126500.0,126500.0
1199,Total Shoulder Joint Replacement,ent,71100.0,81765.0,81765.0
1200,Total Elbow Joint Replacement,ent,71100.0,81765.0,81765.0
1201,Total Wrist Joint Replacement,ent,100000.0,115000.0,115000.0
1202,Total finger joint replacement,ent,20000.0,23000.0,23000.0
1203,Tubular external fixator,ent,4140.0,4761.0,4761.0
1204,Ilizarov's external fixator,ent,7763.0,8927.0,8927.0
1205,Pelvi-acetebular fracture -Internal fixation,ent,8625.0,9919.0,9919.0
1206,Meniscectomy,ent,10800.0,12420.0,12420.0
1207,Meniscus Repair,ent,10000.0,11500.0,11500.0
1208,ACL Reconstruction,ent,8500.0,9775.0,9775.0
1209,PCL Reconstruction,ent,13500.0,15525.0,15525.0
1210,Knee Collateral Ligament Reconstruction,ent,12500.0,14375.0,14375.0
1211,Bencarf Repair Shoulder,ent,13200.0,15180.0,15180.0
1212,RC Repair,ent,1500.0,1725.0,1725.0
1213,Biceps tenodesis,ent,12600.0,14490.0,14490.0
1214,Distal biceps tendon repair,ent,10380.0,11937.0,11937.0
1215,Arthrolysis of knee,ent,12500.0,14375.0,14375.0
1216,Capsulotomy of Shoulder,ent,15800.0,18170.0,18170.0
1217,Conservative Pop,ent,1200.0,1380.0,1380.0
1218,Application for CTEV per sitting,ent,1200.0,1380.0,1380.0
1219,Total Hip Replacement Revision Stage-I,ent,17000.0,19550.0,19550.0
1220,Total Hip Replacement Revision Stage-II,ent,50000.0,57500.0,57500.0
1221,Total Knee Replacement Revision Stage-I,ent,35000.0,40250.0,40250.0
1222,Total Knee Replacement Revision Stage-II,ent,35000.0,40250.0,40250.0
1223,Illizarov/ external fixation for limb lengthening/ deformity correction,ent,11250.0,12938.0,12938.0
1224,Discectomy/ Micro Discectomy,ent,12500.0,14375.0,14375.0
1225,Laminectomy,ent,4646.0,5343.0,5343.0
1226,Spinal Fixation Cervical/dorsolumbar/ lumbosacral,ent,16000.0,18400.0,18400.0
1227,Fusion Surgery Cervical/ Lumbar Spine upto 2 Level,ent,22000.0,25300.0,25300.0
1228,More than 2 Level,ent,12000.0,13800.0,13800.0
1229,Scoliosis Surgery/ Deformity Correction of Spine,ent,25000.0,28750.0,28750.0
1230,Vertebroplasty,ent,12000.0,13800.0,13800.0
1231,Spinal Injections,ent,450.0,518.0,518.0
1232,DHS for Fracture Neck Femur,ent,13500.0,15525.0,15525.0
1233,Proximal Femoral Nail (PFN for IT Fracture),ent,12600.0,14490.0,14490.0
1234,Spinal Osteotomy,ent,1434.0,1649.0,1649.0
1235,Illizarov’s / External Fixation for Trauma,ent,11700.0,13455.0,13455.0
1236,Soft Tissue Operations for Polio/ Cerebral Palsy,ent,9501.0,11178.0,11178.0
1237,Mini Fixator for Hand/Foot,ent,8100.0,9315.0,9315.0
1238,Other Major Surgery,ent,34425.0,40500.0,40500.0
1239,Other Minor Surgery,ent,11883.0,13980.0,13980.0
1240,Ultrasonic therapy,ent,78.0,90.0,90.0
1241,S.W. Diathermy,ent,78.0,90.0,90.0
1242,Electrical stimulation (therapeutic),ent,78.0,90.0,90.0
1243,Muscle testing and diagnostic,ent,71.0,82.0,82.0
1244,Infra red,ent,70.0,81.0,81.0
1245,U.V. Therapeutic dose,ent,58.0,67.0,67.0
1246,Intermittent Lumbar Traction,ent,78.0,90.0,90.0
1247,Intermittent Cervical traction,ent,75.0,86.0,86.0
1248,Wax bath,ent,75.0,86.0,86.0
1249,Hot pack,ent,78.0,90.0,90.0
1250,Breathing Exercises & Postural Drainage,ent,50.0,58.0,58.0
1251,Cerebral Palsy – exercise,ent,50.0,58.0,58.0
1252,Post – polio exercise,ent,50.0,58.0,58.0
1253,Cobalt 60 therapy,nuclear_medicine,57375.0,67500.0,67500.0
1254,Radical therapy,nuclear_medicine,61583.0,70820.0,70820.0
1255,Palliative therapy,nuclear_medicine,21994.0,25294.0,25294.0
1256,Linear accelerator,nuclear_medicine,26775.0,31500.0,31500.0
1257,Radical therapy,nuclear_medicine,52785.0,60703.0,60703.0
1258,Palliative therapy,nuclear_medicine,30792.0,35411.0,35411.0
1259,3 D Planning,nuclear_medicine,4888.0,5621.0,5621.0
1260,2 D Planing,nuclear_medicine,4888.0,5621.0,5621.0
1261,IMRT(Intensity Modulated radiotherapy),nuclear_medicine,90790.0,104409.0,104409.0
1262,SRT (Stereotactic radiotherapy),nuclear_medicine,54896.0,63131.0,63131.0
1263,SRS(Stereotactic radio surgery),nuclear_medicine,72491.0,83365.0,83365.0
1264,IGRT(Image guided radiotherapy),nuclear_medicine,147016.0,169068.0,169068.0
1265,Respiratory Gating-alongwith Linear accelerator planning,nuclear_medicine,110000.0,126500.0,126500.0
1266,Electron beam with Linear accelerator,nuclear_medicine,67473.0,79380.0,79380.0
1267,Tomotherapy,nuclear_medicine,79400.0,91310.0,91310.0
1268,Intracavitory,nuclear_medicine,11730.0,13490.0,13490.0
1269,Interstitial,nuclear_medicine,52785.0,60703.0,60703.0
1270,Intraluminal,nuclear_medicine,8798.0,10117.0,10117.0
1271,Surface mould,nuclear_medicine,4644.0,5341.0,5341.0
1272,GLIADAL WAFER,nuclear_medicine,93900.0,107985.0,107985.0
1273,Neoadjuvant,nuclear_medicine,863.0,992.0,992.0
1274,Adjuvant,nuclear_medicine,863.0,992.0,992.0
1275,Concurrent-chemoadiation,nuclear_medicine,920.0,1058.0,1058.0
1276,Single drug,nuclear_medicine,552.0,635.0,635.0
1277,Multiple drugs,nuclear_medicine,897.0,1032.0,1032.0
1278,Targeted therapy,nuclear_medicine,920.0,1058.0,1058.0
1279,Chemoport facility,nuclear_medicine,920.0,1058.0,1058.0
1280,PICC line (peripherally inserted Central canulisation),nuclear_medicine,920.0,1058.0,1058.0
1281,Upper G.I. Endoscopy + Lower G.I. Endoscopy,ent,1725.0,1984.0,1984.0
1282,Diagnostic endoscopy,ent,250.0,288.0,288.0
1283,Endoscopic biopsy,ent,345.0,397.0,397.0
1284,Endoscopic mucosal resection,ent,1543.0,1815.0,1815.0
1285,Oesophageal stricture dilatation,ent,1725.0,1984.0,1984.0
1286,Balloon dilatation of achalasia cardia,ent,2588.0,2975.0,2975.0
1287,Foreign body removal,ent,1725.0,1984.0,1984.0
1288,Oesophageal stenting,ent,3000.0,3450.0,3450.0
1289,Band ligation of oesophageal varices,ent,2500.0,2875.0,2875.0
1290,Sclerotherapy of oesophageal varices,ent,2500.0,2875.0,2875.0
1291,Glue injection of varices,ent,2500.0,2875.0,2875.0
1292,Argon plasma coagulation,ent,3623.0,4166.0,4166.0
1293,Pyloric balloon dilatation,ent,2415.0,2777.0,2777.0
1294,Enteranal stenting,ent,3312.0,3809.0,3809.0
1295,Duodenal stricture dilation,ent,990.0,1139.0,1139.0
1296,Single balloon enterocopy,ent,4000.0,4600.0,4600.0
1297,Double balloon enteroscopy,ent,3500.0,4025.0,4025.0
1298,Capsule endoscopy,ent,4950.0,5693.0,5693.0
1299,Piles banding,ent,989.0,1138.0,1138.0
1300,Colonic stricture dilatation,ent,2463.0,2833.0,2833.0
1301,Hot biopsy forceps procedures,ent,3000.0,3450.0,3450.0
1302,Colonic stenting,ent,2463.0,2833.0,2833.0
1303,Junction biopsy,ent,1800.0,2070.0,2070.0
1304,Conjugal microscopy,ent,4000.0,4600.0,4600.0
1305,Endoscopic sphincterotomy,ent,2415.0,2777.0,2777.0
1306,CBD stone extraction,ent,2415.0,2777.0,2777.0
1307,CBD stricture dilatation,ent,5850.0,6728.0,6728.0
1308,Biliary stenting (plastic and metallic),ent,4347.0,5000.0,5000.0
1309,Mechanical lithotripsy of CBD stones,ent,8000.0,9200.0,9200.0
1310,Pancreatic sphincterotomy,ent,6375.0,7500.0,7500.0
1311,Pancreatic stricture dilatation,ent,5750.0,6613.0,6613.0
1312,Pancreatic stone extraction,ent,10098.0,11613.0,11613.0
1313,Mechanical lithotripsy of pancreatic stones,ent,10247.0,11784.0,11784.0
1314,Endoscopic cysto gastrostomy,ent,8050.0,9258.0,9258.0
1315,Balloon dilatation of papilla,ent,6900.0,7935.0,7935.0
1316,Ultrasound guided FNAC,ent,575.0,661.0,661.0
1317,Ultrasound guided abscess Drainage,ent,648.0,745.0,745.0
1318,PTBD,ent,1150.0,1323.0,1323.0
1319,Diagnostic angiography,ent,1800.0,2070.0,2070.0
1320,Vascular embolization,ent,15100.0,17365.0,17365.0
1321,TIPS,ent,4860.0,5589.0,5589.0
1322,IVC graphy + hepatic veinography,ent,30791.0,35410.0,35410.0
1323,Muscular stenting,ent,87975.0,101172.0,101172.0
1324,BRTO,ent,57500.0,66125.0,66125.0
1325,Portal haemodymic studies,ent,1722.0,2025.0,2025.0
1326,Manometry and PH metry,ent,1451.0,1707.0,1707.0
1327,Oesophageal PH metry,ent,5000.0,5750.0,5750.0
1328,Oesophageal manometry,ent,5000.0,5750.0,5750.0
1329,Small bowel manometry,ent,6800.0,8000.0,8000.0
1330,Anorectal manometry,ent,6120.0,6200.0,6200.0
1331,Colonic manometry,ent,6885.0,8100.0,8100.0
1332,Biliary manometry,ent,7650.0,9000.0,9000.0
1333,Sengstaken blackenesse tube tempode,ent,2588.0,2975.0,2975.0
1334,Lintas machles tube tempode,ent,2588.0,2975.0,2975.0
1335,Fecal fat test/ fecal chymotrypsin/ fecal elastase,ent,350.0,403.0,403.0
1336,Breath tests,ent,300.0,345.0,345.0
1337,Extra corporeal shortwave lithotripsy,ent,37260.0,42849.0,42849.0
1338,Liver biopsy,ent,1380.0,1587.0,1587.0
1339,Dental IOPA X-ray,dental,50.0,58.0,58.0
1340,Occlusal X-ray,dental,78.0,90.0,90.0
1341,OPG X-ray,dental,196.0,225.0,225.0
1342,Lung Ventilation & Perfusion Scan (V/Q Scan),dental,3600.0,4140.0,4140.0
1343,Lung Perfusion Scan,dental,2000.0,2300.0,2300.0
1344,Whole Body Bone Scan with SPECT.,dental,3421.0,3934.0,3934.0
1345,Three phase whole body Bone Scan,dental,3421.0,3934.0,3934.0
1346,Brain Perfusion SPECT Scan with Technetium 99m radiopharmaceuticals.,dental,8798.0,10117.0,10117.0
1347,Radionuclide Cisternography for CSF leak,dental,3740.0,4400.0,4400.0
1348,Gastro esophageal Reflux Study (G.E.R. Study),dental,1955.0,2248.0,2248.0
1349,"Gastro intestinal Bleed (GloB.) Study with Technetium 99m
labeled RBCs.",dental,3421.0,3934.0,3934.0
1350,Hepatobiliary Scintigraphy.,dental,2444.0,2811.0,2811.0
1351,Meckel's Scan,dental,1955.0,2248.0,2248.0
1352,Hepatosplenic scintigraphy with Technetium-99m radiopharmaceuticals,dental,1870.0,2200.0,2200.0
1353,Gastric emptying,dental,1275.0,1466.0,1466.0
1354,Renal Cortical Scintigraphy with Technetium 99m D.M.S.A.,dental,3421.0,3934.0,3934.0
1355,Dynamic Renography.,dental,3421.0,3934.0,3934.0
1356,Dynamic Renography with Diuretic.,dental,3421.0,3934.0,3934.0
1357,Dynamic Renography with Captopril,dental,1960.0,2254.0,2254.0
1358,Testicular Scan,dental,1445.0,1700.0,1700.0
1359,Thyroid Uptake measurements with 131-Iodine.,dental,1564.0,1799.0,1799.0
1360,Thyroid Scan with Technetium 99m Pertechnetate.,dental,1615.0,1900.0,1900.0
1361,Lodine-131 Whole Body Scan.,dental,2933.0,3373.0,3373.0
1362,Whole Body Scan with M.I.B.G.,dental,17595.0,20234.0,20234.0
1363,Parathyroid Scan,dental,4399.0,5059.0,5059.0
1364,131-lodine Therapy,dental,1377.0,1620.0,1620.0
1365,131-lodine Therapy <15mCi,dental,3854.0,4432.0,4432.0
1366,131-lodine Therapy 15-50mCi,dental,4956.0,5699.0,5699.0
1367,131-lodine Therapy 51-100mCi,dental,10800.0,12420.0,12420.0
1368,131-lodine Therapy >100mCi,dental,13500.0,15525.0,15525.0
1369,Phosphorus-32 therapy for metastatic bone pain palliation,dental,5000.0,5750.0,5750.0
1370,Samarium-153 therapy for metastatic bone pain palliation,dental,10450.0,12018.0,12018.0
1371,Radiosynovectomy with Yttrium,dental,19125.0,22500.0,22500.0
1372,Stress thallium / Myocardial Perfusion Scintigraphy,cardiology,8505.0,9781.0,9781.0
1373,Rest thallium / Myocardial Perfusion Scintigraphy,cardiology,7200.0,8280.0,8280.0
1374,Venography,cardiology,3300.0,3595.0,3595.0
1375,TMT,cardiology,950.0,1120.0,1120.0
1376,TEE,cardiology,489.0,562.0,562.0
1377,Lymph angiography,cardiology,1613.0,1855.0,1855.0
1378,Scintimammography.,cardiology,4800.0,5520.0,5520.0
1379,Indium lableled octeriotide Scan.,cardiology,65981.0,75879.0,75879.0
1380,FDG Whole body PET/CT Scan,cardiology,10000.0,11500.0,11500.0
1381,Brain/Heart FDG PET/CT Scan,cardiology,10000.0,11500.0,11500.0
1382,Gallium-68 Peptide PET/CT imaging for Neuroendocrine tumor,cardiology,10000.0,11500.0,11500.0
1383,Urine routine- pH Specific gravity sugar protein and microscopy,laboratory,35.0,40.0,40.0
1384,Urine-Microalbumin,laboratory,63.0,73.0,73.0
1385,Stool routine,laboratory,31.0,36.0,36.0
1386,Stool occult blood,laboratory,22.0,25.0,25.0
1387,Post coital smear examination,laboratory,30.0,35.0,35.0
1388,Semen analysis,laboratory,35.0,40.0,40.0
1389,Haemoglobin (Hb),laboratory,18.0,21.0,21.0
1390,Total Leucocytic Count (TLC),laboratory,28.0,32.0,32.0
1391,Differential Leucocytic Count (DLC),laboratory,28.0,32.0,32.0
1392,E.S.R.,laboratory,25.0,29.0,29.0
1393,Total Red Cell count with MCVMCHMCHCDRW,laboratory,32.0,37.0,37.0
1394,"Complete Haemogram/CBC HbRBC count and indices
TLC DLC Platelet ESR Peripheral smear examination",laboratory,135.0,155.0,155.0
1395,Platelet count,laboratory,48.0,55.0,55.0
1396,Reticulocyte count,laboratory,43.0,50.0,50.0
1397,Absolute Eosinophil count,laboratory,48.0,55.0,55.0
1398,Packed Cell Volume (PCV),laboratory,13.0,15.0,15.0
1399,Peripheral Smear Examination,laboratory,39.0,44.0,44.0
1400,Smear for Malaria parasite,laboratory,41.0,47.0,47.0
1401,Bleeding Time,laboratory,32.0,36.0,36.0
1402,Osmotic fragility Test,laboratory,50.0,58.0,58.0
1403,Bone Marrow Smear Examination,laboratory,70.0,81.0,81.0
1404,Bone Marrow Smear Examination with iron stain,laboratory,225.0,259.0,259.0
1405,Bone Marrow Smear Examination and cytochemistry,laboratory,396.0,455.0,455.0
1406,Activated partial ThromboplastinTime (APTT),laboratory,92.0,105.0,105.0
1407,Rapid test for malaria(card test),laboratory,44.0,51.0,51.0
1408,WBC cytochemistry for leukemia -Complete panel,laboratory,99.0,144.0,144.0
1409,"Bleeding Disorder panel- PT APTT Thrombin Time
Fibrinogen D-Dimer/ FDP",laboratory,360.0,414.0,414.0
1410,Factor Assays-Factor VIII,laboratory,630.0,745.0,745.0
1411,Factor Assays-Factor IX,laboratory,680.0,782.0,782.0
1412,Platelet Function test,laboratory,50.0,58.0,58.0
1413,Tests for hypercoagulable states- Protein C Protein S Antithrombin,laboratory,400.0,460.0,460.0
1414,Tests for lupus anticoagulant,laboratory,150.0,173.0,173.0
1415,"Tests for Antiphospholipid antibody IgG IgM ( for cardiolipin and B2
Glycoprotein 1)",laboratory,450.0,518.0,518.0
1416,Thalassemia studies (Red Cell indices and Hb HPLC),laboratory,560.0,644.0,644.0
1417,Tests for Sickling / Hb HPLC),laboratory,77.0,89.0,89.0
1418,Blood Group & RH Type,laboratory,30.0,35.0,35.0
1419,Cross match,laboratory,50.0,58.0,58.0
1420,Coomb’s Test Direct,laboratory,90.0,104.0,104.0
1421,Coomb’s Test Indirect,laboratory,100.0,115.0,115.0
1422,3 cell panel- antibody screening for pregnant female,laboratory,153.0,180.0,180.0
1423,11 cells panel for antibody identification,laboratory,170.0,200.0,200.0
1424,HBs Ag,laboratory,92.0,108.0,108.0
1425,HCV,laboratory,128.0,150.0,150.0
1426,HIV I and II,laboratory,150.0,173.0,173.0
1427,VDRL,laboratory,43.0,50.0,50.0
1428,RH Antibody titer,laboratory,80.0,92.0,92.0
1429,Platelet Concentrate,laboratory,56.0,64.0,64.0
1430,Random Donor Platelet(RDP),laboratory,128.0,200.0,200.0
1431,Single Donor Platelet (SDP- Aphresis),laboratory,11000.0,11000.0,11000.0
1432,Routine-H & E,laboratory,90.0,104.0,104.0
1433,special stain,laboratory,65.0,75.0,75.0
1434,Immunohistochemistry(IHC),laboratory,675.0,777.0,777.0
1435,Frozen section,laboratory,702.0,807.0,807.0
1436,Paraffin section,laboratory,309.0,355.0,355.0
1437,Pap Smear,laboratory,150.0,173.0,173.0
1438,Body fluid for Malignant cells,laboratory,150.0,173.0,173.0
1439,FNAC,laboratory,200.0,230.0,230.0
1440,Leukemia panel /Lymphoma panel,laboratory,1382.0,1589.0,1589.0
1441,PNH Panel-CD55CD59,laboratory,900.0,1035.0,1035.0
1442,Karyotyping,laboratory,1539.0,1770.0,1770.0
1443,FISH,laboratory,500.0,575.0,575.0
1444,Blood Glucose Random,laboratory,24.0,28.0,28.0
1445,24 hrs urine for ProteinsSodium creatinine,laboratory,50.0,58.0,58.0
1446,Blood Urea Nitrogen,laboratory,54.0,62.0,62.0
1447,Serum Creatinine,laboratory,55.0,63.0,63.0
1448,Urine Bile Pigment and Salt,laboratory,25.0,29.0,29.0
1449,Urine Urobilinogen,laboratory,20.0,23.0,23.0
1450,Urine Ketones,laboratory,30.0,35.0,35.0
1451,Urine Occult Blood,laboratory,35.0,40.0,40.0
1452,Urine total proteins,laboratory,18.0,21.0,21.0
1453,Rheumatoid Factor test,laboratory,100.0,115.0,115.0
1454,Bence Jones protein,laboratory,47.0,54.0,54.0
1455,Serum Uric Acid,laboratory,55.0,63.0,63.0
1456,Serum Bilirubin total & direct,laboratory,72.0,83.0,83.0
1457,Serum Iron,laboratory,90.0,104.0,104.0
1458,C.R.P.,laboratory,100.0,115.0,115.0
1459,C.R.P Quantitative,laboratory,144.0,166.0,166.0
1460,Body fluid (CSF/Ascitic Fluid etc.)Sugar Protein etc.,laboratory,90.0,104.0,104.0
1461,Albumin.,laboratory,18.0,21.0,21.0
1462,Creatinine clearance.,laboratory,80.0,92.0,92.0
1463,Serum Cholesterol,laboratory,62.0,71.0,71.0
1464,Total Iron Binding Capacity,laboratory,80.0,92.0,92.0
1465,Glucose (Fasting & PP),laboratory,47.0,54.0,54.0
1466,Serum Calcium –Total,laboratory,60.0,69.0,69.0
1467,Serum Calcium –Ionic,laboratory,44.0,51.0,51.0
1468,Serum Phosphorus,laboratory,60.0,69.0,69.0
1469,Total Protein Alb/Glo Ratio,laboratory,50.0,58.0,58.0
1470,IgG.,laboratory,225.0,259.0,259.0
1471,IgM.,laboratory,225.0,259.0,259.0
1472,IgA.,laboratory,250.0,288.0,288.0
1473,ANA.,laboratory,200.0,230.0,230.0
1474,Ds DNA.,laboratory,350.0,403.0,403.0
1475,S.G.P.T.,laboratory,50.0,57.0,57.0
1476,S.G.O.T.,laboratory,50.0,57.0,57.0
1477,Serum amylase,laboratory,117.0,135.0,135.0
1478,Serum Lipase,laboratory,130.0,150.0,150.0
1479,Serum Lactate,laboratory,72.0,83.0,83.0
1480,Serum Magnesium,laboratory,90.0,104.0,104.0
1481,Serum Sodium,laboratory,50.0,58.0,58.0
1482,Serum Potassium,laboratory,50.0,58.0,58.0
1483,Serum Ammonia,laboratory,100.0,115.0,115.0
1484,Anemia Profile,laboratory,204.0,240.0,240.0
1485,Serum Testosterone,laboratory,150.0,173.0,173.0
1486,Imprint Smear From Endoscopy,laboratory,240.0,276.0,276.0
1487,Triglyceride,laboratory,75.0,86.0,86.0
1488,Glucose Tolerance Test (GTT),laboratory,90.0,104.0,104.0
1489,Triple Marker.,laboratory,720.0,828.0,828.0
1490,C.P.K.,laboratory,100.0,115.0,115.0
1491,Foetal Haemoglobin (HbF),laboratory,85.0,100.0,100.0
1492,Prothrombin Time (P.T.),laboratory,99.0,114.0,114.0
1493,L.D.H.,laboratory,100.0,115.0,115.0
1494,Alkaline Phosphatase,laboratory,60.0,69.0,69.0
1495,Acid Phosphatase,laboratory,78.0,90.0,90.0
1496,CK MB,laboratory,171.0,197.0,197.0
1497,CK MB Mass,laboratory,140.0,161.0,161.0
1498,Troponin I,laboratory,100.0,115.0,115.0
1499,Troponin T,laboratory,540.0,621.0,621.0
1500,Glucose Phosphate Dehydrogenase (G 6PD),laboratory,100.0,115.0,115.0
1501,Lithium.,laboratory,130.0,150.0,150.0
1502,Dilantin (phenytoin).,laboratory,360.0,414.0,414.0
1503,Carbamazepine.,laboratory,400.0,460.0,460.0
1504,Valproic acid.,laboratory,300.0,345.0,345.0
1505,Feritin.,laboratory,250.0,288.0,288.0
1506,Blood gas analysis,laboratory,120.0,138.0,138.0
1507,Blood gas analysis with electrolytes,laboratory,414.0,476.0,476.0
1508,Urine pregnancy test,laboratory,59.0,68.0,68.0
1509,Tests for Antiphospholipid antibodies syndrome.,laboratory,252.0,290.0,290.0
1510,Hb A1 C,laboratory,130.0,150.0,150.0
1511,Hb Electrophoresis/ Hb HPLC,laboratory,100.0,115.0,115.0
1512,Kidney Function Test.,laboratory,203.0,233.0,233.0
1513,Liver Function Test.,laboratory,203.0,233.0,233.0
1514,Lipid Profile.( Total cholesterolLDLHDLtreigylcerides),laboratory,200.0,230.0,230.0
1515,Serum Iron,laboratory,90.0,104.0,104.0
1516,Total Iron Binding Capacity,laboratory,81.0,94.0,94.0
1517,Serum Ferritin,laboratory,100.0,115.0,115.0
1518,Vitamin B12 assay.,laboratory,250.0,288.0,288.0
1519,Folic Acid assay.,laboratory,270.0,311.0,311.0
1520,"Extended Lipid Profile.( Total cholesterolLDLHDLtreigylceridesApo A1Apo
BLp(a) )",laboratory,536.0,616.0,616.0
1521,Apo A1.,laboratory,200.0,230.0,230.0
1522,Apo B.,laboratory,199.0,229.0,229.0
1523,Lp (a).,laboratory,401.0,461.0,461.0
1524,CD 34 and 8 counts,laboratory,170.0,200.0,200.0
1525,CD 34 and 8 percentage,laboratory,170.0,200.0,200.0
1526,LDL.,laboratory,62.0,71.0,71.0
1527,Homocysteine.,laboratory,400.0,460.0,460.0
1528,HB Electrophoresis.,laboratory,396.0,455.0,455.0
1529,Serum Electrophoresis.,laboratory,198.0,228.0,228.0
1530,Fibrinogen.,laboratory,165.0,190.0,190.0
1531,Chloride.,laboratory,60.0,69.0,69.0
1532,Magnesium.,laboratory,135.0,158.0,158.0
1533,GGTP.,laboratory,90.0,104.0,104.0
1534,Lipase.,laboratory,215.0,248.0,248.0
1535,Fructosamine.,laboratory,180.0,207.0,207.0
1536,β2 microglobulin,laboratory,90.0,104.0,104.0
1537,Catecholamines.,laboratory,918.0,1087.0,1087.0
1538,Creatinine clearance.,laboratory,120.0,138.0,138.0
1539,PSA- Total.,laboratory,312.0,359.0,359.0
1540,PSA- Free.,laboratory,375.0,431.0,431.0
1541,AFP.,laboratory,300.0,345.0,345.0
1542,HCG.,laboratory,260.0,299.0,299.0
1543,CA. 125.,laboratory,391.0,442.0,442.0
1544,CA 199.,laboratory,554.0,637.0,637.0
1545,CA 15.3.,laboratory,560.0,644.0,644.0
1546,Vinyl Mandelic Acid,laboratory,350.0,403.0,403.0
1547,Calcitonin,laboratory,450.0,518.0,518.0
1548,Carcioembryonic antigen(CEA),laboratory,340.0,391.0,391.0
1549,Immunofluorescence,laboratory,150.0,173.0,173.0
1550,Direct(Skin and kidney Disease),laboratory,425.0,900.0,900.0
1551,Indirect (antids DNA Anti Smith ANCA),laboratory,425.0,500.0,500.0
1552,VitD3 assay,laboratory,495.0,570.0,570.0
1553,Serum Protein electrophoresis with immunofixationelectrophoresis (IFE),laboratory,300.0,345.0,345.0
1554,BETA-2 Microglobulin assay,laboratory,100.0,115.0,115.0
1555,Anti cycliocitrullinated peptide (Anti CCP),laboratory,450.0,518.0,518.0
1556,Anti tissuetransglutaminase antibody,laboratory,383.0,450.0,450.0
1557,Serum Erythropoetin,laboratory,425.0,500.0,500.0
1558,ACTH,laboratory,450.0,518.0,518.0
1559,T3 T4 TSH,laboratory,200.0,230.0,230.0
1560,T3,laboratory,64.0,75.0,75.0
1561,T4,laboratory,64.0,75.0,75.0
1562,TSH,laboratory,90.0,104.0,104.0
1563,LH,laboratory,150.0,173.0,173.0
1564,FSH,laboratory,150.0,173.0,173.0
1565,Prolactin,laboratory,150.0,173.0,173.0
1566,Cortisol,laboratory,250.0,288.0,288.0
1567,PTH(Paratharmone),laboratory,450.0,517.0,517.0
1568,C-Peptide.,laboratory,297.0,342.0,342.0
1569,Insulin.,laboratory,150.0,173.0,173.0
1570,Progesterone.,laboratory,225.0,259.0,259.0
1571,17-DH Progesterone.,laboratory,396.0,455.0,455.0
1572,DHEAS.,laboratory,396.0,455.0,455.0
1573,Androstendione.,laboratory,600.0,690.0,690.0
1574,Growth Hormone.,laboratory,340.0,391.0,391.0
1575,TPO.,laboratory,300.0,345.0,345.0
1576,Throglobulin.,laboratory,300.0,345.0,345.0
1577,Hydatic Serology.,laboratory,318.0,374.0,374.0
1578,Anti Sperm Antibodies.,laboratory,380.0,437.0,437.0
1579,Qualitative.,laboratory,1800.0,2070.0,2070.0
1580,Quantitative.,laboratory,1350.0,1552.0,1552.0
1581,Qualitative.,laboratory,1522.0,1750.0,1750.0
1582,HPV serology,laboratory,218.0,251.0,251.0
1583,Rota Virus serology,laboratory,130.0,150.0,150.0
1584,PCR for TB,laboratory,900.0,1035.0,1035.0
1585,PCR for HIV,laboratory,540.0,621.0,621.0
1586,Chlamydae antigen,laboratory,765.0,880.0,880.0
1587,chlamydae antibody,laboratory,238.0,280.0,280.0
1588,Brucella serology,laboratory,230.0,265.0,265.0
1589,Influenza A serology,laboratory,849.0,976.0,976.0
1590,USG for Obstetrics - Anomalies scan,radiology,1700.0,2000.0,2000.0
1591,Abdomen USG,radiology,680.0,800.0,800.0
1592,Pelvic USG ( prostate gynae infertility etc),radiology,425.0,500.0,500.0
1593,Small parts USG ( scrotum thyroid parathyroid etc),radiology,349.0,410.0,410.0
1594,Neonatal head (Tranfontanellar),radiology,425.0,489.0,489.0
1595,Neonatal spine,radiology,450.0,517.0,517.0
1596,Contrast enhanced USG,radiology,810.0,931.0,931.0
1597,USG Breast,radiology,680.0,800.0,800.0
1598,USG Hystero-Salpaingography (HSG),radiology,2040.0,2400.0,2400.0
1599,Carotid Doppler,radiology,765.0,900.0,900.0
1600,Arterial Colour Doppler,radiology,706.0,830.0,830.0
1601,Venous Colour Doppler,radiology,706.0,830.0,830.0
1602,Colour Doppler renal arteries / any other organ,radiology,720.0,828.0,828.0
1603,USG guided intervention- FNAC,radiology,1530.0,1800.0,1800.0
1604,USG guided intervention - biopsy,radiology,720.0,828.0,828.0
1605,USG guided intervention - nephrostomy,radiology,800.0,920.0,920.0
1606,Abdomen AP Supine or Erect (One film),radiology,215.0,250.0,250.0
1607,Abdomen Lateral view (one film),radiology,128.0,150.0,150.0
1608,Chest PA view (one film),radiology,195.0,230.0,230.0
1609,Chest Lateral (one film),radiology,195.0,230.0,230.0
1610,Mastoids: Towne view oblique views (3 films),radiology,250.0,288.0,288.0
1611,Extremities bones & Joints AP & Lateral views (Two films),radiology,230.0,270.0,270.0
1612,Pelvis A.P (one film),radiology,110.0,127.0,127.0
1613,T. M. Joints (one film),radiology,110.0,127.0,127.0
1614,Abdomen & Pelvis for K. U. B.,radiology,128.0,150.0,150.0
1615,Skull A. P. & Lateral (2 films),radiology,250.0,300.0,300.0
1616,Spine A. P. & Lateral (2 films),radiology,250.0,288.0,288.0
1617,PNS view (1 film),radiology,110.0,127.0,127.0
1618,Barium Swallow,radiology,510.0,600.0,600.0
1619,Barium Upper GI study,radiology,720.0,828.0,828.0
1620,Barium Upper GI study (Double contrast),radiology,841.0,990.0,990.0
1621,Barium Meal follow through,radiology,935.0,1100.0,1100.0
1622,Barium Enema (Single contrast/double contrast),radiology,850.0,1000.0,1000.0
1623,Small bowel enteroclysis,radiology,918.0,1080.0,1080.0
1624,ERCP (Endoscopic Retrograde Cholangio – Pancreatography),radiology,2250.0,2587.0,2587.0
1625,"General :Fistulography /Sinography/Sialography/Dacrocystography/ T-Tube
cholangiogram/Nephrostogram",radiology,638.0,750.0,750.0
1626,Percutaneous transhepatic cholangiography (PTC),radiology,1296.0,1490.0,1490.0
1627,Intravenous Pyelography (IVP),radiology,1400.0,1650.0,1650.0
1628,Micturating Cystourethrography (MCU),radiology,950.0,1120.0,1120.0
1629,Retrograde Urethrography (RGU),radiology,950.0,1120.0,1120.0
1630,Contrast Hystero-Salpingography (HSG),radiology,918.0,1080.0,1080.0
1631,X ray - Arthrography,radiology,630.0,724.0,724.0
1632,Cephalography,radiology,150.0,173.0,173.0
1633,Myelography,radiology,2475.0,2847.0,2847.0
1634,Diagnostic Digital Subtraction Angiography (DSA),radiology,1574.0,1810.0,1810.0
1635,X-ray Mammography,radiology,1170.0,1375.0,1375.0
1636,MRI Mammography,radiology,2295.0,2700.0,2700.0
1637,CT Head-Without Contrast (NCCT Head),radiology,880.0,1035.0,1035.0
1638,CT Head- with Contrast (+ CT angiography),radiology,1350.0,1553.0,1553.0
1639,C. T. Chest - without contrast (for lungs),radiology,1700.0,2000.0,2000.0
1640,C. T. Scan Lower Abdomen(incl. Pelvis) With Contrast,radiology,1700.0,1955.0,1955.0
1641,C. T. Scan Lower Abdomen( Incl. Pelvis) Without Contrast,radiology,1500.0,1725.0,1725.0
1642,C. T. Scan Whole Abdomen Without Contrast,radiology,2700.0,3105.0,3105.0
1643,C. T. Scan Whole Abdomen With Contrast,radiology,4050.0,4657.0,4657.0
1644,Triple Phase CT abdomen,radiology,4050.0,4657.0,4657.0
1645,CT angiography abdomen/ Chest,radiology,4050.0,4657.0,4657.0
1646,CT Enteroclysis,radiology,5400.0,6210.0,6210.0
1647,C. T. Scan Neck – Without Contrast,radiology,1500.0,1725.0,1725.0
1648,C. T. Scan Neck – With Contrast,radiology,1870.0,2200.0,2200.0
1649,C. T. Scan Orbits - Without Contrast,radiology,1190.0,1400.0,1400.0
1650,C. T. Scan Orbits - With Contrast,radiology,1615.0,1900.0,1900.0
1651,C. T. Scan of Para Nasal Sinuses- Without Contrast,radiology,900.0,1035.0,1035.0
1652,C. T. Scan of Para Nasal Sinuses - With Contrast,radiology,1600.0,1840.0,1840.0
1653,C. T. Spine (Cervical Dorsal Lumbar Sacral)–without contrast,radiology,1500.0,1725.0,1725.0
1654,CT Temporal bone – without contrast,radiology,893.0,1050.0,1050.0
1655,CT - Dental,radiology,1147.0,1350.0,1350.0
1656,C. T. Scan Limbs -Without Contrast,radiology,1700.0,2000.0,2000.0
1657,C. T. Scan Limbs -With Contrast including CT angiography,radiology,2253.0,2650.0,2650.0
1658,C.T. Guided intervention –FNAC,radiology,1200.0,1380.0,1380.0
1659,C.T. Guided Trucut Biopsy,radiology,1200.0,1380.0,1380.0
1660,C. T. Guided intervention -percutaneous catheter drainage / tube placement,radiology,1175.0,1381.0,1381.0
1661,MRI Head – Without Contrast,radiology,2125.0,2500.0,2500.0
1662,MRI Head – With Contrast,radiology,2848.0,3350.0,3350.0
1663,MRI Orbits – Without Contrast,radiology,1445.0,1700.0,1700.0
1664,MRI Orbits – With Contrast,radiology,2000.0,2300.0,2300.0
1665,MRI Nasopharynx and PNS – Without Contrast,radiology,2450.0,2818.0,2818.0
1666,MRI Nasopharynx and PNS – With Contrast,radiology,3500.0,4025.0,4025.0
1667,MR for Salivary Glands with Sialography,radiology,3000.0,3450.0,3450.0
1668,MRI Neck - Without Contrast,radiology,2700.0,3105.0,3105.0
1669,MRI Neck- with contrast,radiology,4500.0,5175.0,5175.0
1670,MRI Shoulder – Without contrast,radiology,2000.0,2300.0,2300.0
1671,MRI Shoulder – With conntrast,radiology,2340.0,2700.0,2700.0
1672,MRI shoulder both Joints - Without contrast,radiology,2700.0,3105.0,3105.0
1673,MRI Shoulder both joints – With contrast,radiology,4000.0,4600.0,4600.0
1674,MRI Wrist Single joint - Without contrast,radiology,2550.0,3000.0,3000.0
1675,MRI Wrist Single joint - With contrast,radiology,3400.0,4000.0,4000.0
1676,MRI Wrist both joints - Without contrast,radiology,3400.0,4000.0,4000.0
1677,MRI Wrist Both joints - With contrast,radiology,4500.0,5175.0,5175.0
1678,MRI knee Single joint - Without contrast,radiology,2550.0,3000.0,3000.0
1679,MRI knee Single joint - With contrast,radiology,4500.0,5175.0,5175.0
1680,MRI knee both joints - Without contrast,radiology,3400.0,4000.0,4000.0
1681,MRI knee both joints - With contrast,radiology,5000.0,5750.0,5750.0
1682,MRI Ankle Single joint - Without contrast,radiology,4250.0,5000.0,5000.0
1683,MRI Ankle single joint - With contrast,radiology,4250.0,5000.0,5000.0
1684,MRI Ankle both joints - With contrast,radiology,5525.0,6500.0,6500.0
1685,MRI Ankle both joints - Without contrast,radiology,2500.0,2875.0,2875.0
1686,MRI Hip - With contrast,radiology,2500.0,2875.0,2875.0
1687,MRI Hip – without contrast,radiology,2125.0,2500.0,2500.0
1688,MRI Pelvis – Without Contrast,radiology,2125.0,2500.0,2500.0
1689,MRI Pelvis – with contrast,radiology,4500.0,5175.0,5175.0
1690,MRI Extremities - With contrast,radiology,4500.0,5175.0,5175.0
1691,MRI Extremities - Without contrast,radiology,2125.0,2500.0,2500.0
1692,MRI Temporomandibular – B/L - With contrast,radiology,3600.0,4140.0,4140.0
1693,MRI Temporomandibular – B/L - Without contrast,radiology,2125.0,2500.0,2500.0
1694,MR Temporal Bone/ Inner ear with contrast,radiology,3600.0,4140.0,4140.0
1695,MR Temporal Bone/ Inner ear without contrast,radiology,2500.0,2875.0,2875.0
1696,MRI Abdomen – Without Contrast,radiology,2125.0,2500.0,2500.0
1697,MRI Abdomen – With Contrast,radiology,4500.0,5175.0,5175.0
1698,MRI Breast - With Contrast,radiology,4250.0,5000.0,5000.0
1699,MRI Breast - Without Contrast,radiology,2125.0,2500.0,2500.0
1700,MRI Spine Screening - Without Contrast,radiology,1700.0,2000.0,2000.0
1701,MRI Chest – Without Contrast,radiology,2125.0,2500.0,2500.0
1702,MRI Chest – With Contrast,radiology,4000.0,4600.0,4600.0
1703,MRI Cervical/Cervico Dorsal Spine – Without Contrast,radiology,3400.0,4000.0,4000.0
1704,MRI Cervical/ Cervico Dorsal Spine – With Contrast,radiology,4000.0,4600.0,4600.0
1705,MRI Dorsal/ Dorso Lumbar Spine - Without Contrast,radiology,2125.0,2500.0,2500.0
1706,MRI Dorsal/ Dorso Lumbar Spine – With Contrast,radiology,4000.0,4600.0,4600.0
1707,MRI Lumbar/ Lumbo-Sacral Spine – Without Contrast,radiology,2125.0,2500.0,2500.0
1708,MRI Lumbar/ Lumbo-Sacral Spine – With Contrast,radiology,5000.0,5750.0,5750.0
1709,Whole body MRI (For oncological workup),radiology,5100.0,6000.0,6000.0
1710,MR cholecysto-pancreatography.,radiology,5500.0,6325.0,6325.0
1711,MRI Angiography - with contrast,radiology,5000.0,5750.0,5750.0
1712,MR Enteroclysis,radiology,2125.0,2500.0,2500.0
1713,Dexa Scan Bone Densitometry - Two sites,radiology,1500.0,1725.0,1725.0
1714,Dexa Scan Bone Densitometry - Three sites (Spine Hip & extremity),radiology,1800.0,2070.0,2070.0
1715,Dexa Scan Bone Densitometry Whole body,radiology,2450.0,2818.0,2818.0
1716,EEG/Video EEG,radiology,298.0,350.0,350.0
1717,EMG (Electro myography),radiology,638.0,750.0,750.0
1718,Nerve condition velocity (at least 2 limbs),radiology,638.0,750.0,750.0
1719,Decremental response (before and after neo stigmine),radiology,595.0,700.0,700.0
1720,Incremental response,radiology,595.0,700.0,700.0
1721,SSEP (Somato sensory evoked potentials),radiology,638.0,750.0,750.0
1722,Poly somnography,radiology,638.0,750.0,750.0
1723,Brachial plexus study,radiology,638.0,750.0,750.0
1724,Muscle biopsy,radiology,383.0,450.0,450.0
1725,ACHR anti body titre,radiology,1848.0,2125.0,2125.0
1726,Anti MUSK body titre,radiology,2340.0,2691.0,2691.0
1727,Serum COPPER,radiology,500.0,575.0,575.0
1728,Serum ceruloplasmin,radiology,450.0,518.0,518.0
1729,Urinary copper,radiology,450.0,517.0,517.0
1730,Serum homocystine,radiology,450.0,518.0,518.0
1731,Serum valproate level,radiology,315.0,362.0,362.0
1732,Serum phenol barbitone level,radiology,350.0,403.0,403.0
1733,Coagulation profile,radiology,553.0,636.0,636.0
1734,Protein C S anti thrombine – III,radiology,2160.0,2484.0,2484.0
1735,Serum lactate level,radiology,405.0,466.0,466.0
1736,"Basic studies including cell count protein sugar gram stain
India Ink preparation and smear for AFP",radiology,240.0,276.0,276.0
1737,Special studies,radiology,900.0,1035.0,1035.0
1738,PCR for tuberculosis/ Herpes simplex,radiology,1200.0,1380.0,1380.0
1739,Bacterial culture and sensitivity,radiology,200.0,230.0,230.0
1740,Mycobacterial culture and sensitivity,radiology,200.0,230.0,230.0
1741,Fungal culture,radiology,128.0,150.0,150.0
1742,Malignant cells,radiology,64.0,75.0,75.0
1743,Anti measles antibody titre (with serum antibody titre),radiology,801.0,912.0,912.0
1744,Viral culture,radiology,255.0,300.0,300.0
1745,"Antibody titre (Herpes simplex cytomegalo virus flavivirus zoster varicella
virus)",radiology,760.0,874.0,874.0
1746,Oligoclonal band,radiology,1200.0,1380.0,1380.0
1747,Myelin Basic protein,radiology,1871.0,2152.0,2152.0
1748,Lactate,radiology,298.0,350.0,350.0
1749,Crypto coccal antigen,radiology,1138.0,1309.0,1309.0
1750,D-xylase test,ent,850.0,1000.0,1000.0
1751,Fecal fat test/ fecal chymotrypsin/ fecal elastase,ent,850.0,1000.0,1000.0
1752,Breath tests,ent,1300.0,1495.0,1495.0
1753,H pylori serology for ciliac disease,ent,500.0,725.0,725.0
1754,HBV genotyping,ent,2500.0,2875.0,2875.0
1755,HCV genotyping,ent,4387.0,5045.0,5045.0
1756,Urinary VMA,ent,1500.0,1725.0,1725.0
1757,Urinary metanephrine/Normetanephrine,ent,1138.0,1309.0,1309.0
1758,Urinary free catecholamine,ent,1521.0,1750.0,1750.0
1759,Serum catecholamine,ent,3400.0,3910.0,3910.0
1760,Serum aldosterone,ent,1012.0,1165.0,1165.0
1761,24 Hr urinary aldosterone,ent,920.0,1058.0,1058.0
1762,Plasma renin activity,ent,900.0,1035.0,1035.0
1763,Serum aldosterone/renin ratio,ent,1200.0,1380.0,1380.0
1764,Osmolality urine,ent,128.0,150.0,150.0
1765,Osmolality serum,ent,128.0,150.0,150.0
1766,Urinary sodium,ent,80.0,94.0,94.0
1767,Urinary Chloride,ent,43.0,50.0,50.0
1768,Urinary potassium,ent,80.0,94.0,94.0
1769,Urinary calcium,ent,80.0,94.0,94.0
1770,Thyroid binding globulin,ent,459.0,540.0,540.0
1771,24 hr. urinary free cotisole,ent,200.0,230.0,230.0
1772,Islet cell antebody,ent,750.0,863.0,863.0
1773,GAD antibody,ent,1197.0,1377.0,1377.0
1774,Insulin associated antibody,ent,404.0,464.0,464.0
1775,IGF-1,ent,1500.0,1725.0,1725.0
1776,IGF-BP3,ent,1485.0,1708.0,1708.0
1777,Sex hormone binding globulin,ent,1200.0,1380.0,1380.0
1778,USG guided FNAC thyroid gland,ent,348.0,409.0,409.0
1779,E2,ent,208.0,275.0,275.0
1780,Thyro globulin antibody,ent,587.0,675.0,675.0
1781,"Kappa Lambda Light Chains, Free, Serum/ Serum freelight chains (SFLC)",ent,3500.0,4025.0,4025.0
1782,Serum IGE Level,ent,300.0,345.0,345.0
1783,NT-Pro BNP,ent,1800.0,2070.0,2070.0
1784,CECT Chest,ent,2445.0,2875.0,2875.0
1785,MRI-Prostate (Multi-parametric) ( Including CD),ent,6000.0,6900.0,6900.0
1786,HCV RNA Quantitative,ent,1500.0,1725.0,1725.0
1787,Tarcolimus,ent,2300.0,2645.0,2645.0
1788,"Protein Creatinine Ratio, Urine",ent,120.0,138.0,138.0
1789,Fibroscan Liver,ent,1000.0,1150.0,1150.0
1790,HLA B27 (PCR),ent,500.0,575.0,575.0
1791,Mantoux Test,ent,175.0,200.0,200.0
1792,Procalcitonin,ent,1800.0,2070.0,2070.0
1793,TORCH Test,ent,1120.0,1288.0,1288.0
1794,"Intracoronary optical coherence tomography (OCT) / Intravascular optical
coherence tomography (IVOCT) /Intravascular Ventricular Assist System",ent,65000.0,65000.0,65000.0
1795,"Fractional Flow Reserve (FFR) (inclusive of cost of
wire)",ent,30000.0,30000.0,30000.0
1796,Anti -Smooth Muscle Antibody Test (ASMA),ent,1241.0,1460.0,1460.0
1797,C ANCA-IFA,ent,1275.0,1500.0,1500.0
1798,P ANCA-IFA,ent,1275.0,1500.0,1500.0
1799,Angiotensin converting enzyme (ACE),ent,850.0,1000.0,1000.0
1800,"Endo bronchial Ultrasound (EBUS) -Trans bronchial needle aspiration
(TBNA) -Using New Needle",ent,15614.0,18370.0,18370.0
1801,Extractable Nuclear Antigens (ENA) - Quantitative,ent,3910.0,4600.0,4600.0
1802,Chromogranin A,ent,4250.0,5000.0,5000.0
1803,Faecal calprotectin (fecal calprotectin),ent,2320.0,2730.0,2730.0
1804,C3-COMPLEMENT,ent,552.0,650.0,650.0
1805,C4-COMPLEMENT,ent,552.0,650.0,650.0
1806,Genexpert Test,ent,880.0,1035.0,1035.0
1807,DJ stent removal,ent,7395.0,8700.0,8700.0
1808,Pulmonary Function Test (PFT) / (Spirometry with DLCO),ent,425.0,500.0,500.0
1809,EUS (Endoscopic Ultrasound) guided FNAC (Using with Needle),ent,12750.0,15000.0,15000.0
1810,CT Urography,ent,3825.0,4500.0,4500.0
1811,Video Laryngoscopy,ent,5100.0,6000.0,6000.0
1812,CT Angio-Neck Vessels,ent,5100.0,6000.0,6000.0
1813,H1N1 (RT-PCR),ent,921.0,1084.0,1084.0
1815,Anti HEV IgM,ent,850.0,1000.0,1000.0
1816,Anti HAV IgM,ent,637.0,750.0,750.0
1817,HBsAg Quantitative,ent,552.0,650.0,650.0
1818,Typhidot IgM,ent,340.0,400.0,400.0
1819,Hepatitis B Core Antibody (HBcAb) Level (Hepatitis B Core IgM Antibody),ent,408.0,480.0,480.0
1820,Anti HBs,ent,552.0,650.0,650.0
1821,Free Triiodothyronine (FT3),ent,106.0,125.0,125.0
1822,Free Thyroxine (FT4),ent,106.0,125.0,125.0
1823,Widal Test,ent,60.0,70.0,70.0
1824,Dengue Serology,ent,510.0,600.0,600.0
1825,Blood component charges - Whole Blood per Unit,ent,1450.0,1450.0,1450.0
1826,Blood component charges - Packed Red Cell per Unit,ent,1450.0,1450.0,1450.0
1827,Blood component charges - Fresh Frozen Plasma,ent,400.0,400.0,400.0
1828,Platelet Concentrate- Random Donor Platelet (RDP),ent,400.0,400.0,400.0
1829,Blood component charges - Cryoprecipitate,ent,200.0,200.0,200.0
1830,Platelet Concentrate - Single Donor Platelet (SDP)-Apheresis per unit,ent,11000.0,11000.0,11000.0
1831,"CCS Group A Officer of above 40 years of age -Male, Annual Health Check
up",ent,2000.0,2000.0,2000.0
1832,"CCS Group A Officer of above 40 years of age -female, Annual Health
Check up",ent,2200.0,2200.0,2200.0
1833,Interleukin 6 (IL 6),ent,1360.0,1600.0,1600.0
1834,High resolution computed Tomography (HRCT Chest),ent,1700.0,2000.0,2000.0
1835,Fluid air exchange (per eye),ent,4250.0,5000.0,5000.0
1836,C3F8 GAS Injection (per eye),ent,4250.0,5000.0,5000.0
1837,Diurnal variation of IOP (per eye),ent,1275.0,1500.0,1500.0
1838,Silicone oil injection (per eye),ent,4250.0,5000.0,5000.0
1839,Epiretinal Membrane (ERM) Peeling (per eye),ent,5950.0,7000.0,7000.0
1840,Epiretinal Membrane (ERM) Removal (per eye),ent,2550.0,3000.0,3000.0
1841,Internal limiting membrane (ILM) peeling (per eye),ent,2550.0,3000.0,3000.0
1842,Punctoplasty (per eye),ent,5525.0,6500.0,6500.0
1843,Punctal plug(Collagen/silicone) (per eye),ent,3400.0,4000.0,4000.0
1844,Laser Trabeculoplasty Gonioplasty (both eyes),ent,13600.0,16000.0,16000.0
1845,Eye laser pulse therapy (per eye),ent,2975.0,3500.0,3500.0
1846,Glaucoma valve/Glaucoma Ahmed valve,ent,12750.0,15000.0,15000.0
1847,Malyugin Ring,ent,8500.0,10000.0,10000.0
1848,Globe exploration (eye surgery),ent,8500.0,10000.0,10000.0
1849,Scleral Fixation Tissue glue,ent,7140.0,8400.0,8400.0
1850,Fibro optic Nasal Endoscopy,ent,1955.0,2300.0,2300.0
1851,Video Stroboscopy,ent,4675.0,5500.0,5500.0
1852,Video Bronchoscopy with BAL,ent,8500.0,10000.0,10000.0
1,TAVI/TAVR Implant,ent,1284000.0,1284000.0,1284000.0
2,TAVI/TAVR Procedure cost,ent,85000.0,100000.0,100000.0
3,"IVL (Coronary Intra Vascular Lithotripsy / Short wave Lithotripsy) – including
GST",ent,268000.0,268000.0,268000.0
